timestamp,tollID,tagRef,tagHomeID,charge
2022-06-13 20:42,EG07,EG6M8WMM2,EG,1.3
2022-04-27 05:27,KO17,MOVVBV7LY,MO,2.05
2022-04-15 14:24,AM02,GEHBK8GHO,GE,2.0
2022-03-22 22:51,NO24,AME66J2QB,AM,2.15
2022-04-10 03:34,KO04,NAOQ88W7EH,NAO,2.05
2022-03-24 16:16,EG10,AMCW71AY2,AM,3.2
2022-03-07 11:40,NAO35,OOPWHTZ1L,OO,6.25
2022-03-27 06:40,NO22,KOI662DZQ,KO,0.8
2022-01-15 23:21,MO16,NAOEIN2DBQ,NAO,0.5
2022-03-24 00:50,OO13,EGCWQTOU2,EG,1.0
2022-05-24 22:14,EG50,AMCLG3QXY,AM,0.3
2022-05-18 15:32,EG27,KORNJMMR3,KO,3.5
2022-06-19 07:26,KO02,MOG0VIT3L,MO,11.95
2022-02-01 22:27,EG61,AMT6VAJDA,AM,4.6
2022-06-28 01:43,EG22,AMMY2YSZZ,AM,1.1
2022-04-07 22:26,AM20,KOFAH5FI3,KO,6.3
2022-06-27 07:39,KO14,OOR6GLD4J,OO,0.8
2022-03-20 13:28,OO04,KOH73I1CC,KO,2.4
2022-06-04 22:17,AM23,KO33NOC93,KO,0.8
2022-05-20 00:59,NAO03,GEW0RTD1R,GE,2.5
2022-05-29 06:36,KO06,NAOL59T34T,NAO,1.35
2022-02-17 21:02,NAO03,MOAP55ITI,MO,1.25
2022-04-30 10:03,EG58,KOZFWGBBY,KO,0.2
2022-05-15 01:07,NO15,NO75JFH2I,NO,2.3
2022-04-30 14:21,KO12,OO3UF78IV,OO,5.0
2022-01-25 13:14,KO18,KO8L0MRYC,KO,2.05
2022-01-20 17:03,EG26,EG7Z8V6AU,EG,1.8
2022-02-01 14:28,KO07,AM79TTDPL,AM,6.6
2022-06-27 01:08,EG31,OOTJYGML8,OO,1.4
2022-01-17 09:56,MO06,NOXY7L94L,NO,2.6
2022-04-18 23:45,KO21,OOT2DLQWS,OO,0.45
2022-05-15 06:23,OO04,GEQ3K6OHA,GE,6.2
2022-03-15 23:24,NO21,OOXCCDGZW,OO,2.1
2022-03-31 06:11,EG74,NAOYOXJY1Y,NAO,2.5
2022-03-23 21:08,AM16,NOLKKPRW7,NO,9.0
2022-04-07 14:24,EG15,EGXUK2PI5,EG,0.8
2022-03-24 21:38,AM15,NAOOBSBU8K,NAO,6.4
2022-06-03 14:28,MO16,NAO99MU97F,NAO,0.5
2022-04-28 10:10,EG19,NAOYMY4KM3,NAO,4.9
2022-06-01 16:46,KO26,MOBBOI958,MO,0.5
2022-05-07 11:14,NAO39,EGMXNX8KC,EG,6.25
2022-03-25 03:42,KO20,MOPTWXO51,MO,0.9
2022-03-18 05:17,NO15,AM1T1T0FN,AM,5.8
2022-05-19 11:42,KO21,NOJF3GDDC,NO,1.65
2022-01-24 13:36,EG33,KOR7IYZUP,KO,5.0
2022-04-24 06:30,AM10,AMQQIVZA1,AM,13.1
2022-05-14 15:40,EG29,MOZPKZ0YJ,MO,1.1
2022-02-10 00:12,EG67,GE0RD13CU,GE,0.3
2022-04-11 20:20,AM15,GEN5YW6KN,GE,1.5
2022-03-01 19:59,AM28,NOAUO3F33,NO,0.4
2022-05-22 03:24,EG54,KOOFXXFD9,KO,0.6
2022-03-04 23:57,NAO36,KOP9XTXGL,KO,1.25
2022-03-02 13:29,OO14,GERURQDGL,GE,2.5
2022-04-12 11:20,NAO11,MOJB7OSSE,MO,1.25
2022-05-23 17:04,KO15,NOVSQR9HP,NO,0.6
2022-03-21 02:08,KO09,NO4G3DSRQ,NO,5.15
2022-05-07 10:59,OO19,NONT6VBB4,NO,2.6
2022-05-14 08:47,NO19,AMLKSI104,AM,1.75
2022-04-05 19:53,MO03,GEX0JPSD0,GE,7.4
2022-04-01 16:04,KO09,EGLSAI5SE,EG,1.45
2022-04-04 19:11,NAO38,AMTH02B0A,AM,6.25
2022-02-12 09:31,NAO33,NOI2VKP4G,NO,6.25
2022-01-22 15:21,KO22,EG0B6PUNK,EG,0.45
2022-04-16 07:26,EG20,GEP11KA9P,GE,1.4
2022-06-22 09:13,NO26,GEL3K71YA,GE,3.85
2022-02-09 11:06,NO12,GERZTLYA7,GE,11.85
2022-02-02 00:08,EG54,KO3PICNXF,KO,0.5
2022-02-22 01:05,EG26,KOIFHUCOI,KO,1.3
2022-02-01 14:38,NO02,MO5WODMCE,MO,13.5
2022-01-15 07:30,MO17,GELIL07A9,GE,0.5
2022-05-27 20:02,EG42,NAOCY73K7D,NAO,2.1
2022-02-25 12:18,EG04,AMQY0XAL7,AM,0.8
2022-05-15 11:31,NO03,NAOHMSJAWZ,NAO,8.2
2022-01-15 13:09,NAO39,MOJCPV66U,MO,10.0
2022-03-21 22:15,EG42,KOI9MOYIU,KO,0.6
2022-02-10 13:31,NAO39,KO6YW4IIY,KO,10.0
2022-04-23 17:49,EG04,MOZPLP6RR,MO,3.0
2022-06-07 08:22,NAO20,AMCG3FF1L,AM,6.25
2022-03-05 14:43,MO11,MOCC8OIGG,MO,5.15
2022-04-21 23:35,NO19,MO6FVDET0,MO,1.75
2022-04-21 05:58,KO04,AMT1BOR86,AM,2.95
2022-03-18 22:03,KO01,NAOAKR8308,NAO,11.95
2022-01-15 23:44,OO12,GE13532I0,GE,1.5
2022-06-12 21:07,NAO04,MOY5PL7IF,MO,2.5
2022-04-27 20:04,OO08,NOBWRJN96,NO,1.3
2022-03-26 14:45,KO23,MOOMRMKGE,MO,1.3
2022-04-05 14:46,AM28,GETNP99TE,GE,0.4
2022-02-02 09:48,NAO19,AMOGN07GO,AM,6.25
2022-05-14 11:25,MO10,GE4QJTDEF,GE,1.9
2022-03-28 17:48,KO09,AM5H3SO9R,AM,7.25
2022-02-03 19:00,NAO39,NAOXJUTWSE,NAO,1.25
2022-03-23 17:53,OO28,KO467J6M5,KO,2.4
2022-05-03 15:44,KO11,MOHFUXLT8,MO,7.0
2022-05-09 13:02,EG69,EGMCHF5R6,EG,1.1
2022-05-11 18:00,AM11,AMENCPYVW,AM,0.4
2022-03-21 07:17,OO07,OO23JWEML,OO,6.9
2022-01-21 08:07,NAO16,NOZXB5V0J,NO,6.25
2022-03-31 14:16,OO08,MOV8XAIOX,MO,4.9
2022-05-22 20:19,NO08,AMVFOFRWV,AM,8.95
2022-01-28 11:33,EG26,NO5YNMOLZ,NO,1.8
2022-05-17 05:16,EG68,NOME6P7K4,NO,0.3
2022-02-09 17:15,EG57,EGDFZVYTM,EG,2.8
2022-02-11 15:31,EG70,NOS67C270,NO,1.3
2022-03-01 16:44,NO31,OOLJOXQAK,OO,1.1
2022-05-26 16:16,OO12,KOQBTPAZP,KO,1.1
2022-05-15 19:00,AM12,EGYCXWO0Z,EG,1.9
2022-06-04 10:04,NAO39,NAOJEKG1Q8,NAO,1.25
2022-05-21 22:45,EG30,OO2H73JF3,OO,1.1
2022-03-02 19:31,EG69,MOUBGXD8I,MO,0.8
2022-05-19 22:33,NAO33,GESVDRB94,GE,6.25
2022-03-12 16:14,NO30,OOZKH3SS6,OO,1.8
2022-05-20 00:03,EG48,GEUO9CYUX,GE,3.2
2022-02-19 04:22,NO25,NAO5H2YQX2,NAO,1.05
2022-04-03 06:23,EG44,AMKW6EJE2,AM,0.2
2022-02-25 09:25,OO05,AM6VSFXPP,AM,3.5
2022-02-03 22:44,EG16,NOJXMOVLM,NO,3.0
2022-03-03 11:56,NO26,GE2TXD8CW,GE,1.05
2022-05-25 04:04,EG10,NOLSHXC6Z,NO,3.2
2022-01-28 18:33,EG46,OOOKOA5HE,OO,1.1
2022-01-28 14:25,EG47,OOD68EQI7,OO,0.8
2022-01-18 23:02,EG53,NOVZDNVON,NO,0.8
2022-02-27 06:15,NO22,NAO1H5A39Q,NAO,0.8
2022-03-30 17:33,MO12,AMO2NXMNR,AM,1.4
2022-02-13 04:49,NO07,KOMEGI6BN,KO,3.55
2022-05-31 15:53,AM03,KOLS1T9C9,KO,1.6
2022-05-12 03:08,NO25,KOQJG6MEW,KO,1.55
2022-06-20 21:43,NAO26,NO8NLP68X,NO,6.25
2022-02-02 18:51,MO10,MOA3L91FJ,MO,2.7
2022-02-10 23:40,KO09,AMGZSGNLA,AM,7.25
2022-03-14 10:23,NAO11,MOCHO4F7A,MO,10.0
2022-06-03 12:29,EG50,NAOKLBGZQN,NAO,1.0
2022-04-27 05:11,KO09,EG2VYNMKP,EG,7.25
2022-04-24 04:25,OO04,KOV93NCYP,KO,6.2
2022-03-20 10:55,AM27,AMD660HFY,AM,0.4
2022-03-29 22:36,KO18,GERL60VSL,GE,2.9
2022-03-26 17:23,MO15,NO6O08P19,NO,1.85
2022-01-25 03:00,EG27,OOFTZ4NEZ,OO,3.5
2022-03-20 15:22,AM24,KOU6B8VA9,KO,0.8
2022-04-13 12:58,MO12,KO5YDCAAG,KO,1.4
2022-06-11 08:05,OO02,GE9XEP9OH,GE,5.8
2022-05-09 02:55,NO14,KON0RFCNK,KO,14.6
2022-04-20 15:29,AM10,AMW6MIS10,AM,13.1
2022-04-09 00:53,NO05,EG0JXO0I2,EG,2.3
2022-03-22 09:32,NAO08,GEQX6ZOC6,GE,1.25
2022-06-20 22:57,AM28,NAOEKJDUSE,NAO,2.5
2022-06-23 03:08,MO13,NAO5591AF8,NAO,0.5
2022-06-28 22:28,AM16,OOMMH4R9Q,OO,1.5
2022-06-18 20:35,KO22,AMW7JG6UB,AM,0.45
2022-05-22 04:14,EG21,NOT593E0E,NO,1.6
2022-02-16 11:29,NAO05,MOM7VP9ML,MO,10.0
2022-03-25 15:25,EG71,GEOPO4CV9,GE,1.8
2022-05-12 02:47,NAO21,KOGOSLQ6G,KO,10.0
2022-04-29 23:11,OO25,OOK5RYNHD,OO,0.5
2022-06-06 09:48,OO17,AMQEY2XEK,AM,6.7
2022-04-14 21:16,OO20,KO8IBW4ZL,KO,2.6
2022-03-07 01:22,NAO19,AMV1N744U,AM,6.25
2022-05-10 02:43,EG23,KOC8DHCPG,KO,3.5
2022-06-04 20:53,AM15,AMAJICFZ0,AM,9.0
2022-05-28 03:28,NO27,AM7ONCDR0,AM,4.15
2022-01-31 18:48,NAO07,KO2VUI7XK,KO,6.25
2022-05-29 19:54,NAO15,MOJA6K69A,MO,10.0
2022-01-27 08:55,NAO38,MOSCALYHK,MO,10.0
2022-04-21 17:05,AM03,OOQ12C20I,OO,2.2
2022-04-17 09:20,NO25,MO8S8ZM8K,MO,1.05
2022-04-18 19:48,NAO02,NO1BPW9LV,NO,1.25
2022-03-03 13:24,KO08,GE7HW88RW,GE,4.7
2022-06-01 22:10,EG04,AMP819PI0,AM,3.0
2022-02-24 19:15,OO07,EG9QDWTBO,EG,1.9
2022-01-15 01:37,EG05,GETEHDGH4,GE,1.2
2022-06-07 17:47,KO01,MOSLHWJ1X,MO,11.95
2022-03-20 08:47,NAO16,NOJ5Z3K4V,NO,2.5
2022-04-05 21:24,NAO20,NAOXFQRWHW,NAO,2.5
2022-05-07 15:55,OO11,KO13EUI60,KO,1.5
2022-05-10 12:07,NAO23,KOVWCSPY2,KO,2.5
2022-06-13 01:48,NO11,OOH5IKF0V,OO,11.85
2022-06-09 03:39,OO26,OOOZGFHKF,OO,2.0
2022-05-16 11:13,NAO04,AMWRPA8VQ,AM,6.25
2022-06-10 19:48,EG54,MORG6HG72,MO,0.5
2022-01-27 18:28,KO10,GEIM4JRPL,GE,5.15
2022-03-06 03:55,EG15,MO2P8XNSM,MO,1.2
2022-04-22 18:48,AM17,MOKGDTXWK,MO,0.7
2022-01-18 20:17,OO14,GE3BVTWEY,GE,0.7
2022-01-15 18:40,MO11,AMAML5FGS,AM,5.15
2022-06-19 07:58,KO12,EG98GLM3N,EG,7.0
2022-03-01 06:46,OO25,AMWQ22BH6,AM,0.8
2022-06-06 17:47,KO15,OOYR48YXW,OO,2.25
2022-02-07 19:41,AM03,NAO14H0SOG,NAO,6.8
2022-06-13 09:24,MO05,OOW5QZHT2,OO,2.6
2022-04-01 23:07,OO09,GEA0AT946,GE,8.8
2022-04-06 01:21,EG03,MOFPS4N0D,MO,1.2
2022-04-14 01:20,MO05,AMBXZVSGE,AM,1.8
2022-04-22 16:48,EG38,KOODBTB57,KO,4.9
2022-04-15 08:18,NAO26,AMFIHX601,AM,1.25
2022-02-25 01:55,AM14,OO7YPUDY0,OO,3.2
2022-05-23 01:18,EG56,NOA2J9EC8,NO,0.8
2022-02-23 19:22,EG41,GEN5I0PYF,GE,2.1
2022-01-16 03:43,EG56,NOAPYGW1P,NO,0.6
2022-02-10 01:43,NAO33,MOM17YMZM,MO,2.5
2022-04-25 18:29,NAO13,GERXQBRMX,GE,2.5
2022-04-07 14:06,EG05,NO90PEI7S,NO,4.3
2022-06-11 22:30,AM04,KOADVYCQE,KO,9.6
2022-05-28 09:16,KO19,NOUEPGXF1,NO,1.3
2022-06-07 02:13,EG71,OO5IW81KG,OO,0.5
2022-02-14 08:38,KO16,AMKIFZDXO,AM,3.15
2022-05-22 08:54,NO11,OO7ADNMZI,OO,8.45
2022-05-08 02:28,EG29,KOQPEWRT8,KO,1.1
2022-02-23 03:42,OO05,OOC8QY98J,OO,8.9
2022-03-26 20:18,AM15,NOV989164,NO,6.4
2022-01-24 22:51,EG05,MOCT2B6UD,MO,6.0
2022-02-17 03:51,OO25,NO5P8L8IN,NO,2.0
2022-06-24 12:33,NO29,KOVU6WZEF,KO,1.8
2022-01-22 05:36,KO06,GEXSLSG5L,GE,6.75
2022-06-04 14:34,EG05,AMJXL6CD8,AM,6.0
2022-04-10 00:53,MO10,GE6G6RQV4,GE,6.85
2022-01-24 18:58,EG14,AMPYYN3QW,AM,4.2
2022-04-23 15:51,MO12,KO1DRTSM6,KO,5.15
2022-04-18 04:38,NAO40,EGR8ST20B,EG,1.25
2022-06-28 21:35,NO31,EGUYYVXAN,EG,0.75
2022-04-19 22:12,EG13,OOP8WOW40,OO,1.2
2022-04-17 09:50,NAO35,OOUAAN8GY,OO,1.25
2022-04-19 16:47,EG37,GEB78AUDG,GE,4.9
2022-04-09 18:45,EG26,KOXCEG6OM,KO,6.3
2022-03-03 14:50,NAO18,OO6FUPZ62,OO,6.25
2022-03-15 09:10,EG42,AMT7D7497,AM,0.6
2022-04-04 03:47,EG69,AMCJKG8RS,AM,0.3
2022-02-14 23:33,NO10,OO3LO945I,OO,10.5
2022-06-09 13:12,KO11,KOMH4FSTH,KO,5.0
2022-03-06 22:30,EG25,GEQJ5X771,GE,6.3
2022-02-10 09:18,NAO40,EGG9KI73Q,EG,2.5
2022-04-15 04:21,OO09,NAOZ8LFDVB,NAO,8.8
2022-03-15 03:35,NO01,NAOEX3XR6Y,NAO,9.6
2022-04-20 06:11,EG09,EGNFJTNET,EG,0.6
2022-05-16 15:31,EG58,EGVC6CL91,EG,0.8
2022-04-04 21:10,EG35,MO2N8KMXC,MO,2.5
2022-05-02 21:47,OO13,NAOTNASSXX,NAO,3.5
2022-04-05 04:52,NAO28,MODK16LMB,MO,2.5
2022-04-07 16:15,EG45,NO2F2FR1K,NO,0.8
2022-06-06 06:21,AM23,MO6WN0F2V,MO,4.6
2022-01-21 07:37,EG03,AMIS3ZW3U,AM,3.0
2022-04-17 11:58,KO03,NO81GU2CY,NO,2.95
2022-03-13 05:13,OO08,MO3KAPIXD,MO,1.3
2022-06-23 09:41,NAO16,KOHBLL4E9,KO,1.25
2022-02-21 14:40,NAO04,NAODSIKFT3,NAO,6.25
2022-05-28 05:05,MO12,OOO3P2GZE,OO,7.25
2022-06-16 01:37,EG60,KO4IVWU86,KO,0.9
2022-03-12 23:55,EG25,NAOKNTQSQ1,NAO,1.3
2022-03-13 17:32,NO28,NAO2GNR802,NAO,4.15
2022-06-07 04:01,NAO11,KOPWRPBM8,KO,6.25
2022-01-18 20:32,NAO09,KOGVW8W8L,KO,6.25
2022-04-19 04:50,AM25,MOCZQHYZ0,MO,4.9
2022-05-04 08:05,EG31,KOI0J4TRF,KO,4.9
2022-01-16 01:40,EG22,OOH58GJP3,OO,5.6
2022-02-26 23:32,AM24,MOV11QONS,MO,1.1
2022-04-27 04:42,NAO01,OO3SZBGLX,OO,10.0
2022-06-22 20:23,NO21,NAO1IWQDLF,NAO,0.55
2022-02-17 09:23,MO06,OOFDO40DN,OO,6.5
2022-04-25 18:56,AM08,EGBB1Y4GN,EG,2.0
2022-05-12 07:22,AM25,GEOODLM4E,GE,1.1
2022-01-30 08:58,EG07,AMDXQGROH,AM,4.5
2022-03-25 05:34,NAO02,GETBQKVXP,GE,2.5
2022-03-02 19:36,KO02,GE8YYXVR7,GE,8.5
2022-01-31 09:01,NO20,NAOF45Z12H,NAO,4.45
2022-05-26 21:55,NAO29,GEDJ6E82E,GE,10.0
2022-03-27 18:44,NAO13,NAOYXBW0G6,NAO,1.25
2022-05-10 22:53,EG26,MO1IS621S,MO,4.5
2022-05-25 22:55,EG37,EGLU9D526,EG,4.9
2022-03-25 22:08,MO09,AME7W0SIR,AM,2.7
2022-03-24 17:45,NAO10,AMDZ1IYF8,AM,6.25
2022-01-17 05:06,NAO33,EG7CTWP0H,EG,2.5
2022-04-16 09:18,AM29,KOGSDJYI5,KO,2.3
2022-05-11 12:37,NO11,EGCDF39P0,EG,11.85
2022-02-07 16:42,AM30,GEDYGEMEN,GE,2.3
2022-04-29 09:24,KO20,MO7DC9EDP,MO,3.3
2022-01-16 08:21,MO18,EGA049C7Q,EG,0.5
2022-03-27 16:52,OO21,EG4OTFFNQ,EG,0.6
2022-03-20 21:21,EG08,AMHZ9QXAO,AM,4.5
2022-06-15 00:49,AM04,NAOKCERW97,NAO,9.6
2022-05-20 09:08,EG13,NOU4NAUE1,NO,0.8
2022-03-17 14:13,NAO08,AMJXRMRUW,AM,2.5
2022-03-31 09:53,NAO31,EGO6VZSRJ,EG,2.5
2022-01-25 23:41,NAO41,NO393MXZK,NO,10.0
2022-05-22 13:17,KO16,KO1D35BW6,KO,3.15
2022-04-11 20:40,EG39,AMPBKKMC3,AM,2.8
2022-01-23 11:25,EG19,NOYY06Y9E,NO,4.9
2022-01-27 09:34,NO07,EG4S3X80R,EG,2.5
2022-03-03 05:06,AM11,GE0POTY11,GE,1.9
2022-04-30 09:59,NO27,KO5AHOMTN,KO,1.15
2022-06-26 05:52,AM17,EGR3EIDM0,EG,1.0
2022-02-13 05:42,KO17,NO9VI3DNX,NO,2.05
2022-05-09 14:54,NAO18,MO6RPXT3K,MO,6.25
2022-03-23 01:21,NAO10,OO00WVZCU,OO,10.0
2022-01-23 07:37,OO14,EG0EF08V1,EG,3.5
2022-02-20 04:44,KO23,KOOPUXPII,KO,0.35
2022-04-13 05:11,OO09,EGQTMY3BS,EG,6.2
2022-02-20 20:04,NAO19,MOYQOKOSB,MO,1.25
2022-06-26 17:54,EG58,NAOOK5XF1U,NAO,1.1
2022-05-20 11:18,KO07,GEFBMNZC4,GE,1.85
2022-04-09 18:46,OO08,KOH3E6WSS,KO,1.9
2022-03-05 22:30,NO16,KOSX5QOYV,KO,5.8
2022-01-30 10:28,EG68,AMGJZHXLT,AM,0.2
2022-03-24 19:38,EG23,NO7ZG7V36,NO,3.5
2022-04-13 22:52,KO25,AMBJL7A3W,AM,0.7
2022-02-01 00:20,EG38,GE7BCJUI8,GE,3.5
2022-06-07 10:33,KO21,GEOC24FUV,GE,1.65
2022-01-21 18:50,EG46,EGGB6T6MS,EG,1.1
2022-05-01 16:56,EG37,KOE80AL45,KO,3.5
2022-05-13 22:59,OO22,GE19IJRX3,GE,1.5
2022-02-03 18:29,NO13,MOURAHL65,MO,2.9
2022-05-19 12:54,NO02,OO3I6G5X9,OO,2.7
2022-04-18 22:20,OO05,AMXVZIOB9,AM,8.9
2022-04-10 12:11,EG66,EG4TUXMVP,EG,0.8
2022-04-20 00:10,EG04,OOYN7MWL5,OO,1.2
2022-06-29 23:08,NO01,GET1W2ZOJ,GE,13.5
2022-05-24 05:05,EG22,OOG51PBD0,OO,1.1
2022-05-27 12:42,EG72,AMKRXVBH5,AM,0.8
2022-06-05 17:48,KO11,NOERK4O7V,NO,2.0
2022-01-20 20:43,KO07,NOFH0JSIQ,NO,4.7
2022-01-20 21:38,OO04,OO5NFHHA2,OO,8.7
2022-06-22 08:22,EG02,KOV99BHDQ,KO,7.5
2022-03-08 05:55,AM13,GEPZAPY33,GE,4.5
2022-05-08 21:13,AM03,NAOGH0KCN5,NAO,6.8
2022-06-26 04:45,OO27,MOHD7MH27,MO,3.3
2022-03-09 03:55,NAO41,NAOWWO85W4,NAO,10.0
2022-05-08 18:57,NAO12,NAOBTSBWLI,NAO,1.25
2022-06-04 00:57,EG10,KODCHKFRN,KO,2.3
2022-06-22 22:31,NAO15,MOPKEIZEV,MO,1.25
2022-04-16 17:55,AM09,GER57HP9E,GE,3.1
2022-06-03 11:54,EG29,NAO7O815XQ,NAO,1.5
2022-06-27 08:13,NAO35,NAOQ8SYHVS,NAO,6.25
2022-03-25 00:15,AM13,MOMTFQG07,MO,0.7
2022-04-20 14:57,OO16,NAOLP85MCM,NAO,6.6
2022-06-03 03:23,EG61,OO5SWDW1U,OO,3.3
2022-03-22 16:11,MO02,KOQ9G2YE9,KO,4.8
2022-03-12 16:36,KO12,MO42N3LEO,MO,5.0
2022-01-30 19:17,NAO17,GEJKCDD94,GE,1.25
2022-06-15 02:16,EG69,MO7SA2UKN,MO,1.1
2022-06-16 23:53,OO16,OOTYH7TCW,OO,4.7
2022-01-29 20:00,EG14,MO6W5D5MS,MO,3.0
2022-05-11 16:33,NO11,EG1JK6F1R,EG,2.35
2022-03-11 05:06,AM05,NOG6TL059,NO,3.6
2022-01-27 12:54,AM08,MOSVY08FP,MO,2.8
2022-05-01 13:14,NAO15,GEU2HHHCU,GE,1.25
2022-05-16 11:26,KO11,AMRIMVY6B,AM,2.0
2022-06-14 03:31,EG05,KOJQMJS2T,KO,4.3
2022-04-21 04:20,EG10,NAO7O7ID7C,NAO,2.3
2022-05-22 17:50,NO20,GEIKKABZH,GE,6.25
2022-05-15 14:09,EG59,EGKOYI436,EG,0.2
2022-06-20 13:19,EG14,OOWB333XW,OO,4.2
2022-06-15 14:36,EG52,OOE6Y5O18,OO,0.8
2022-02-04 18:30,EG12,MO0LLSKZT,MO,1.5
2022-03-28 00:33,OO27,EGHTQCMFH,EG,0.9
2022-04-16 08:42,EG57,GE0DRJ7B1,GE,0.6
2022-04-11 04:47,NAO37,MOXLTC4JA,MO,2.5
2022-02-01 20:22,EG62,OOK9LR9SR,OO,0.3
2022-05-14 21:20,NAO29,GEMHV6CAQ,GE,2.5
2022-04-27 07:53,AM26,MOXS7O1LZ,MO,6.8
2022-06-18 20:48,EG27,OOWC5VWXC,OO,4.9
2022-04-11 16:04,EG13,AMU6WUHHW,AM,1.2
2022-03-01 15:52,NAO25,GE6IDJYG3,GE,1.25
2022-01-25 08:57,NO21,MOG5W2LH8,MO,2.9
2022-02-20 11:15,EG32,GEM23CM0T,GE,1.0
2022-06-07 03:04,EG49,AMFSFZH7Z,AM,3.2
2022-03-17 23:16,AM29,KOR7QSHZQ,KO,2.3
2022-02-10 08:54,EG05,GEFY0KTTH,GE,4.3
2022-06-28 08:19,AM15,GEIQT5SIM,GE,6.4
2022-02-12 21:14,NO06,EGS2GBB1P,EG,2.3
2022-04-24 16:02,OO05,AMYT31SCY,AM,8.9
2022-03-06 10:13,NO02,NO02CIEQR,NO,13.5
2022-06-07 12:15,AM04,NAOWVTAAXK,NAO,1.6
2022-01-28 19:06,OO16,AMGPE0S6J,AM,1.8
2022-02-27 18:12,AM18,KOO17D1OK,KO,1.7
2022-06-16 10:52,AM02,NAO2ONJKWU,NAO,2.0
2022-02-24 12:36,EG63,NOLJD52ON,NO,1.0
2022-05-18 13:25,NAO27,NAO0Y4UJK7,NAO,1.25
2022-02-13 06:03,EG71,AMUPVLRP0,AM,1.3
2022-02-13 16:44,OO18,NO0P9SPBS,NO,4.7
2022-01-21 15:43,KO24,NOT956UVP,NO,1.3
2022-06-08 04:35,NAO21,KOODNQN7O,KO,6.25
2022-04-23 10:47,OO02,KOYKSHL9D,KO,5.8
2022-06-13 15:15,OO19,NOBP3BUJU,NO,9.1
2022-03-06 18:11,AM16,NAOEUQQBPE,NAO,6.4
2022-06-01 21:19,NAO39,AMK950U16,AM,10.0
2022-02-25 01:48,NO31,KOKL2J60E,KO,1.1
2022-02-23 06:18,NO26,MOTQLKAW7,MO,3.85
2022-03-16 21:13,MO03,NOHOYBGIW,NO,2.1
2022-03-17 07:15,EG28,GEQVB6JVG,GE,4.9
2022-02-06 03:45,EG58,EGULCX7MA,EG,0.8
2022-03-13 10:09,NAO20,MON6P3S16,MO,2.5
2022-04-17 12:13,EG38,AM8LRCB4H,AM,3.5
2022-06-29 09:28,OO20,KO5W39V7E,KO,9.1
2022-04-16 01:43,EG02,OO5LEFHKC,OO,0.7
2022-03-28 22:14,AM30,EGSCM6CH2,EG,9.6
2022-04-17 12:40,EG68,NOJU23S2Q,NO,0.3
2022-01-22 09:13,AM27,MOIWGIR01,MO,0.6
2022-06-14 03:14,NO17,AM4WWWXWD,AM,1.35
2022-05-17 03:54,EG36,EGH0WHDYP,EG,0.7
2022-03-10 06:07,KO06,AMQ870LLV,AM,4.8
2022-04-27 20:00,OO07,OOYVO9QV2,OO,4.9
2022-04-29 23:28,AM18,OO5JU4XD6,OO,5.0
2022-02-20 20:02,NO30,MOQO03S9J,MO,1.8
2022-01-17 03:17,NAO20,GETSPLF1C,GE,2.5
2022-03-10 21:05,MO14,OO9NSXHZQ,OO,0.5
2022-06-22 16:02,KO25,AM7YRK9KT,AM,0.7
2022-04-18 11:11,EG40,EG62Z9LOK,EG,0.6
2022-03-25 18:00,EG70,MOQ32RFFG,MO,1.3
2022-02-08 20:40,NO27,MOBP2X70P,MO,1.15
2022-06-23 00:07,OO16,MOKVV7ZF1,MO,1.3
2022-02-28 08:09,KO14,KO4URBSHO,KO,1.15
2022-06-12 10:45,AM27,NAOHU87LZL,NAO,0.6
2022-06-22 12:54,EG22,NO886TGEC,NO,5.6
2022-04-18 01:31,EG51,AMBAH9Y3S,AM,0.3
2022-06-15 09:48,NO06,GE5M184LV,GE,2.3
2022-03-02 07:17,MO18,NAO15M1XVA,NAO,2.05
2022-03-24 13:35,EG16,GET58HXG8,GE,3.0
2022-04-05 10:37,EG64,OOD4N4D1Y,OO,2.5
2022-03-03 06:12,EG13,MOM81T7Q9,MO,0.8
2022-05-30 13:34,NO33,MO31QTJOS,MO,3.35
2022-06-19 07:29,EG45,MO5HJVSBL,MO,0.3
2022-06-07 00:53,NO22,OOQ6LVHD6,OO,0.8
2022-06-10 01:41,NO20,GEYEP22RX,GE,4.45
2022-05-30 09:13,KO21,AMVVUJ08X,AM,1.65
2022-01-31 12:21,NO01,GEHF9VD65,GE,13.5
2022-05-28 23:02,MO07,GE7YSMF41,GE,3.15
2022-06-27 09:10,EG44,AMXO3FWLR,AM,1.1
2022-06-17 06:09,MO13,GECUFKQNZ,GE,2.85
2022-01-16 22:00,NAO40,NAOYG5VNNN,NAO,6.25
2022-02-17 20:19,EG47,EGWHNBK5V,EG,1.1
2022-06-18 08:03,NAO15,NO1QDXNC2,NO,10.0
2022-05-26 12:19,GE02,NOKUTWI3P,NO,74.5
2022-03-23 20:45,AM06,KO6BHCDSM,KO,10.8
2022-03-20 18:49,EG09,EG33ATPBK,EG,2.3
2022-02-04 07:17,EG58,MO55GNQ2L,MO,0.3
2022-05-19 20:08,NAO09,AMNH88ZNT,AM,1.25
2022-02-22 21:44,AM06,NAOI7G51VN,NAO,3.6
2022-05-18 17:19,NO18,MOJHL1X3S,MO,0.95
2022-05-13 06:21,MO14,AM7UEO2DA,AM,2.05
2022-03-14 06:53,KO18,GEX6ZNT5W,GE,0.8
2022-05-17 20:14,EG38,NO64DARL0,NO,4.9
2022-06-10 09:04,NAO32,NOFL3W9LM,NO,10.0
2022-06-27 23:24,EG70,NAO0MKKSS2,NAO,1.3
2022-03-26 18:05,NAO29,NAOY7LRXPH,NAO,6.25
2022-05-21 13:51,OO21,NOL5310A1,NO,1.5
2022-03-16 18:50,OO02,MOBWB37P8,MO,5.8
2022-03-27 05:14,MO15,AM6ICZS0N,AM,1.85
2022-05-21 22:30,MO03,AMRPWPYAW,AM,1.4
2022-06-24 03:09,MO18,AM212V42E,AM,0.5
2022-06-14 09:53,MO05,OOTU9XUJE,OO,2.6
2022-01-28 17:33,NAO14,EGX8NDL9R,EG,6.25
2022-06-03 08:53,AM03,KOMHTM86Y,KO,6.8
2022-06-22 22:57,NO31,MOEKU2ELM,MO,1.1
2022-03-26 15:36,NAO39,KO1ESZEAG,KO,1.25
2022-03-26 08:06,EG14,EGZF7EVQI,EG,1.2
2022-03-21 00:21,KO08,GEP7EV2L1,GE,1.3
2022-04-12 06:34,EG66,NOBITFHQK,NO,1.1
2022-05-04 04:38,EG23,EGPEUB2RW,EG,3.5
2022-02-02 17:10,EG23,OOTROW9KQ,OO,1.4
2022-02-19 04:52,EG31,EG3FNI33D,EG,1.0
2022-03-22 01:24,AM20,MOHZRSD7M,MO,1.5
2022-05-12 04:03,EG33,EGPMFQ2GH,EG,2.0
2022-06-02 11:15,MO06,NAORO3CMSM,NAO,1.8
2022-01-20 08:50,NAO32,MOD9K3M27,MO,1.25
2022-04-28 16:00,AM15,OOOA6QLKE,OO,2.1
2022-05-02 01:58,EG25,NAOCG06CGR,NAO,1.8
2022-05-06 18:26,EG36,AMM6OZHTD,AM,0.7
2022-01-17 06:31,GE02,NAOZCB1SCF,NAO,2.0
2022-02-25 16:39,EG14,MOCM6Q4KH,MO,0.8
2022-06-26 04:09,EG58,KOPKRIU4E,KO,0.3
2022-03-19 10:30,EG36,KOPHBAUYL,KO,2.5
2022-04-25 00:01,AM30,EGDUBKLBH,EG,9.6
2022-02-25 08:05,AM12,OO16SRZ0O,OO,0.4
2022-02-26 12:57,OO19,GEFCD9MRJ,GE,1.8
2022-02-18 23:56,NO13,NAOFRBG1V1,NAO,10.45
2022-03-25 04:40,NAO02,GEF169CGR,GE,1.25
2022-04-08 14:05,KO23,OO7TZ0Y2U,OO,0.25
2022-03-06 10:26,OO17,OOYN8U4VX,OO,4.7
2022-02-08 01:38,NO30,NAOGDWTN9L,NAO,1.8
2022-03-08 12:47,NAO19,OOTEKVHMQ,OO,10.0
2022-03-16 12:37,NAO01,AMSFIVT8S,AM,6.25
2022-03-10 11:34,NAO23,MO2EL35VM,MO,6.25
2022-03-31 10:20,EG50,NOI0WGN42,NO,0.4
2022-06-24 13:20,NO25,OOS1U0ZU5,OO,1.55
2022-03-11 02:10,EG14,KOWTYNX45,KO,3.0
2022-05-22 00:01,NAO17,NAO6GU8MM1,NAO,6.25
2022-04-02 13:57,NAO08,NAOCMO3F3Q,NAO,2.5
2022-04-22 13:26,KO11,NAOZ5EF4KG,NAO,1.4
2022-04-28 12:59,NO01,KOH41AAN0,KO,2.7
2022-02-24 09:46,NAO16,NAOO0YDEIY,NAO,10.0
2022-01-29 12:33,EG05,NOKODUMG9,NO,4.3
2022-03-17 19:59,NAO13,MO3O5LEM6,MO,1.25
2022-06-03 22:17,EG66,GEJTTA5KL,GE,0.3
2022-03-21 07:37,NAO07,NOVODDNW5,NO,2.5
2022-01-27 05:58,NO31,OOCTFJ42F,OO,3.9
2022-02-27 00:30,NO09,AMQQ4C19S,AM,4.2
2022-01-31 01:53,EG23,NONE73M94,NO,1.4
2022-03-22 19:10,AM30,OO8TC81F8,OO,2.3
2022-06-20 12:45,NAO24,NAOPZPP8GU,NAO,6.25
2022-04-18 23:51,NO12,GELF4HB72,GE,11.85
2022-04-25 04:25,OO09,KOU1AK5I0,KO,2.5
2022-05-03 22:46,EG04,EGXLMWDN0,EG,3.0
2022-06-08 01:03,KO06,KOWO18O7Z,KO,1.35
2022-04-11 05:43,OO15,NAO5CX3RB9,NAO,4.7
2022-01-26 06:54,NO19,NO8CWF8FX,NO,1.75
2022-03-08 15:22,AM19,EGJPWAUZA,EG,5.0
2022-03-09 17:30,KO01,OONSVOTKD,OO,2.35
2022-01-26 18:01,AM20,AM5J755US,AM,4.5
2022-02-11 10:28,EG17,NAOR8WDURN,NAO,7.4
2022-02-06 09:01,KO10,GE8QB24CF,GE,2.05
2022-04-06 17:57,KO05,NAO1VH9YUW,NAO,1.35
2022-06-18 04:31,EG23,NO8S3TB5F,NO,1.4
2022-01-21 21:13,EG18,NAO2IZWXWG,NAO,5.3
2022-05-29 08:20,EG15,GEAAR7ORN,GE,3.0
2022-03-04 20:45,KO21,NAOU6N48X5,NAO,0.65
2022-06-06 13:00,EG65,EGG4T6SHV,EG,1.8
2022-05-24 22:37,KO20,MO6UQ1CMG,MO,1.3
2022-05-27 04:47,MO07,AMQBLJ7JM,AM,11.1
2022-03-13 08:27,OO14,KO6604J1N,KO,2.5
2022-06-28 20:05,EG28,EG5Y5QTER,EG,1.0
2022-05-22 00:16,MO16,OOQG1MF8V,OO,1.3
2022-02-03 10:27,OO14,KO1ZVP9W6,KO,2.5
2022-06-27 00:17,NAO22,AMIXU1XJ7,AM,10.0
2022-05-02 06:12,NAO27,AMDNFM16A,AM,1.25
2022-03-09 23:41,NO03,KOBMSL6T8,KO,8.2
2022-03-20 17:03,OO13,NOL1V8I5K,NO,0.7
2022-05-08 06:24,NO26,OO3X76D2J,OO,1.05
2022-05-05 16:13,KO03,NOC3XGZYI,NO,7.45
2022-01-25 04:59,KO03,NO4X1G2IY,NO,10.45
2022-01-19 06:30,NAO04,MOO50Q4L7,MO,2.5
2022-05-18 22:06,NAO14,EG1BJXTHZ,EG,10.0
2022-04-03 14:30,MO05,EGIXPTUKH,EG,2.6
2022-06-26 18:38,NO17,EGUBNG34O,EG,3.45
2022-05-04 16:02,MO03,OOYT3C5Q7,OO,7.4
2022-06-06 19:41,EG29,AMM180EBV,AM,1.5
2022-03-12 13:15,EG23,NAO0O2ZU1R,NAO,4.9
2022-03-05 08:28,MO15,NAOZ0T85X7,NAO,0.5
2022-06-25 22:46,OO21,KOYZTPQV2,KO,0.4
2022-06-26 19:02,EG60,KOC8S9UJR,KO,0.9
2022-02-16 07:23,NAO06,OO9KYLWM3,OO,2.5
2022-02-04 07:54,KO05,OO9P6PYR6,OO,6.75
2022-03-22 01:38,OO15,KO2M021T5,KO,1.8
2022-03-31 08:01,NAO39,EGAXILZYE,EG,2.5
2022-02-25 09:28,MO13,NAORNNKWSB,NAO,0.8
2022-06-08 22:44,EG66,NAOAC35MTB,NAO,0.8
2022-06-11 09:07,NAO21,MO60DYX1I,MO,2.5
2022-03-05 04:58,EG08,GEH9VL67P,GE,4.5
2022-05-18 06:47,KO02,NAORP8QFE0,NAO,2.35
2022-06-12 10:32,NO11,NAO99L10CD,NAO,2.35
2022-04-19 13:37,NO15,NOTOMTXMC,NO,8.1
2022-05-15 11:56,EG16,KO2ZW7WGN,KO,4.2
2022-05-25 04:21,EG41,NOT9Q9KCD,NO,0.6
2022-02-13 00:27,EG67,MONDKXRJ3,MO,0.2
2022-02-09 13:50,EG54,KO2ROOGGN,KO,0.5
2022-05-21 15:29,NAO06,EG7JF4ZU9,EG,10.0
2022-01-20 14:46,KO14,OOHAGW9ZS,OO,1.15
2022-02-11 01:40,MO06,MOPWAYMGL,MO,9.1
2022-03-20 17:43,EG16,KOB6H14BA,KO,4.2
2022-05-18 23:08,KO26,AMG12DLJ9,AM,0.5
2022-06-06 08:20,AM29,EG47G51G6,EG,2.3
2022-05-02 07:39,EG38,AMXXFXU02,AM,4.9
2022-04-26 00:33,EG38,GEP886BOB,GE,1.0
2022-04-02 21:32,EG32,AMJKEQ4WR,AM,4.9
2022-05-06 04:48,OO07,NO77HK5EZ,NO,6.9
2022-05-08 09:26,OO04,OODS7QQHI,OO,2.4
2022-01-31 06:02,EG54,GEKARR3GY,GE,0.6
2022-05-23 16:30,KO12,EG4W6SOOZ,EG,5.0
2022-02-08 10:18,EG36,AM8G0UJ6K,AM,3.5
2022-06-13 06:14,EG21,AMKXACX4L,AM,4.0
2022-04-20 20:17,EG14,AMRBU9CNN,AM,0.8
2022-01-15 18:09,EG70,AMIIABX90,AM,1.8
2022-05-20 19:28,OO17,EG03CFIN5,EG,1.3
2022-04-28 16:11,EG29,NO1BBFE27,NO,1.5
2022-04-12 12:46,EG39,AMDDV5CU6,AM,2.0
2022-05-19 13:35,EG34,NAOQVJK9B2,NAO,1.4
2022-01-16 09:16,NAO07,AM81IBA3D,AM,1.25
2022-03-05 20:24,NAO41,NAO3AZUFF3,NAO,1.25
2022-05-08 01:04,NO05,NOICQOHZR,NO,8.2
2022-06-18 23:43,NAO29,AMYL89TTK,AM,10.0
2022-06-06 10:57,NAO40,OOQH8NG15,OO,10.0
2022-06-17 00:17,EG09,OO0ENIUT1,OO,3.2
2022-02-14 17:39,AM29,EG0RGCJED,EG,9.6
2022-05-18 15:18,OO20,AMNQUO8S3,AM,1.8
2022-05-28 19:16,NO27,MODFZOSO2,MO,1.65
2022-01-27 21:50,NAO23,OOW71667G,OO,10.0
2022-01-26 21:20,KO20,AMQ8DCNX9,AM,0.9
2022-04-12 06:37,NAO30,KO29NAK1N,KO,1.25
2022-04-14 21:19,EG45,EG6Q1K38S,EG,0.8
2022-01-27 20:01,NO08,AMJWC4BAZ,AM,3.55
2022-04-29 20:29,KO14,KO9GYZOY5,KO,4.05
2022-04-06 20:37,AM06,NOJX86OYU,NO,15.1
2022-06-24 18:26,AM13,NOM5W80EC,NO,4.5
2022-02-15 16:34,KO20,AM6FOGOA7,AM,0.9
2022-03-25 20:53,AM06,NAOMZL6SS7,NAO,10.8
2022-06-08 15:39,EG02,OORMQA8H4,OO,7.5
2022-05-26 05:38,EG33,AM0S2AV0J,AM,2.0
2022-06-25 01:54,EG58,KORE2ZV0Z,KO,0.8
2022-04-25 19:31,EG61,EG7PL4D7X,EG,1.3
2022-05-13 23:14,KO16,KO9RZ62I6,KO,0.6
2022-01-15 08:09,OO26,GETYMIRIV,GE,0.5
2022-05-29 04:30,EG10,KOB1XAI7U,KO,2.3
2022-01-17 14:52,EG56,AMKBFX23S,AM,0.8
2022-02-22 23:03,EG56,GE3H4RIIV,GE,2.0
2022-04-16 07:32,EG47,NAOC9DSZLD,NAO,0.3
2022-02-06 22:18,NAO29,AMSXE4M22,AM,2.5
2022-05-16 03:17,KO24,NO86LSF67,NO,0.25
2022-03-02 15:56,EG04,OO0DBIAMU,OO,3.0
2022-06-19 02:08,OO15,EGF45W451,EG,1.3
2022-04-29 03:54,NAO40,KO1RJMNMO,KO,2.5
2022-02-02 13:54,AM01,KOQ3A4971,KO,5.9
2022-01-17 01:26,AM23,NAOCOG1CQ6,NAO,4.6
2022-05-31 00:39,EG60,GELS6R2BO,GE,0.9
2022-04-12 20:33,EG04,GEWL2CBM5,GE,4.2
2022-03-21 11:50,KO05,EGJ1ADZX1,EG,1.9
2022-02-16 12:36,NAO10,NAODSYBHEX,NAO,6.25
2022-04-21 01:47,KO25,NAO7NMB82L,NAO,0.7
2022-03-06 00:50,MO11,GEZE4MQ9G,GE,5.15
2022-01-31 08:02,EG07,AMGYAN9W7,AM,6.3
2022-05-14 00:36,NO06,MOTXZS17H,MO,2.3
2022-06-18 00:57,OO20,KOUQIJRJT,KO,2.6
2022-03-08 07:03,EG15,OOWSE1MTP,OO,4.2
2022-06-17 22:42,KO05,EGPJQXWIV,EG,1.9
2022-02-16 18:10,NO04,GE28B97NX,GE,8.2
2022-01-28 05:50,KO15,EGRX70UVJ,EG,3.15
2022-04-20 02:39,NAO16,KOWRITCS3,KO,10.0
2022-02-10 10:05,KO15,AMDJ5DDBD,AM,3.15
2022-02-16 17:08,EG73,MOUJMNK5D,MO,0.8
2022-05-26 21:03,NO17,AMPWCXWDI,AM,3.45
2022-02-14 02:56,EG03,KOJVO3T9F,KO,1.2
2022-05-31 20:42,NAO13,OOP0FGFRO,OO,10.0
2022-02-01 21:12,OO21,KOXLGFNA7,KO,2.1
2022-06-27 04:06,EG41,MOYV5VK72,MO,1.5
2022-03-14 13:57,NAO25,GEUCWZPVQ,GE,2.5
2022-04-04 10:23,NO15,AM649Z0QI,AM,2.3
2022-04-22 17:20,NO22,AMRYDGVF8,AM,2.9
2022-06-17 21:11,AM04,NO157PH70,NO,1.6
2022-01-16 15:21,AM10,NAOGG4F4MF,NAO,2.2
2022-06-07 16:01,OO19,AMUIIS9SV,AM,6.5
2022-03-11 12:17,AM29,EGKPIQZ7Z,EG,9.6
2022-04-07 05:23,MO18,KOUTNJGHI,KO,2.9
2022-05-28 21:50,NO09,EGBR8FYZC,EG,10.5
2022-04-30 00:40,NO07,NOUR364BR,NO,2.5
2022-03-16 07:16,OO23,NOB6RNZ1C,NO,1.0
2022-04-27 12:26,OO27,NAO826GI2I,NAO,0.6
2022-01-26 00:26,OO08,MOGDR3VOO,MO,6.9
2022-05-18 08:20,NAO28,KODIR81EY,KO,6.25
2022-05-28 12:40,OO06,MOKWX7GIK,MO,2.4
2022-03-15 20:01,EG59,EGRY9CNSP,EG,0.3
2022-03-18 23:20,MO14,NOMTTJ45D,NO,0.8
2022-04-12 00:04,NO23,MOUQT2BZ3,MO,2.15
2022-01-17 07:56,KO11,NO3VUKXNW,NO,1.4
2022-04-07 23:13,EG37,GEMK0RINV,GE,1.4
2022-04-02 04:47,NAO40,AM8KRU9Y5,AM,1.25
2022-05-22 16:34,NAO39,EG21NHRKF,EG,10.0
2022-03-14 18:58,EG42,NAOABT9WS3,NAO,2.1
2022-05-14 10:18,EG10,AML095NU5,AM,2.3
2022-04-27 00:45,EG70,EG4TRKUW4,EG,1.8
2022-01-31 21:05,NAO10,NOCGVTD22,NO,2.5
2022-02-27 09:42,NAO03,NAOHCFXUZQ,NAO,2.5
2022-05-13 13:52,NAO07,OO0TB279A,OO,2.5
2022-05-28 12:11,EG22,GEVRNJ9GY,GE,1.6
2022-06-27 03:55,EG40,KOVM341QY,KO,2.8
2022-03-31 12:32,EG12,NO450VEUB,NO,1.0
2022-02-25 07:48,OO03,NAODMBX5UJ,NAO,8.7
2022-05-13 19:38,MO09,MO2L1XI7E,MO,1.9
2022-03-19 09:45,NAO22,NAOH68R0TE,NAO,6.25
2022-02-03 10:48,NAO32,EGXFW8V1A,EG,1.25
2022-04-27 22:26,NO10,NAOHM581LG,NAO,2.9
2022-01-30 03:47,EG13,NAOAHVOINX,NAO,3.0
2022-06-24 09:46,KO23,GE9AN0NNC,GE,0.35
2022-06-12 14:31,OO24,KO66GL9L6,KO,5.1
2022-04-27 02:59,NAO11,AMSYBV35O,AM,10.0
2022-04-11 11:58,AM28,OOBB6UAW2,OO,0.4
2022-05-02 07:27,KO22,MOX6ZAN8Z,MO,0.65
2022-04-19 08:51,OO08,GEK83VVA2,GE,1.3
2022-06-12 03:32,NO06,NAO9XLO3LY,NAO,11.5
2022-05-31 16:47,EG08,NAOB0XPVFD,NAO,4.5
2022-03-15 23:03,AM20,EG5AMDNYG,EG,1.5
2022-05-11 21:33,NO02,OO01ECH5V,OO,2.7
2022-03-11 14:05,NO08,NAO31W9KUE,NAO,12.55
2022-01-16 04:20,OO09,MO0HV7CUJ,MO,2.5
2022-04-28 01:11,KO01,EG1LFPD65,EG,11.95
2022-05-10 08:22,EG02,NAOC14JW3X,NAO,0.7
2022-03-16 12:26,MO11,NOG4UXSG1,NO,1.4
2022-02-22 10:51,EG47,AMI7LB33F,AM,1.1
2022-06-04 03:07,NAO38,AMXY92J66,AM,2.5
2022-02-07 04:43,OO11,OOSCYMRCR,OO,5.5
2022-02-03 05:56,EG59,MOQSYJS37,MO,0.8
2022-02-04 03:13,EG31,MOWLNFGVF,MO,3.5
2022-03-03 23:04,OO24,GEVTXXF2U,GE,1.4
2022-04-13 07:44,NO34,KOE2OFYHD,KO,8.35
2022-01-21 01:57,EG52,GEMHQABJD,GE,0.3
2022-05-25 18:03,OO13,OO28XGG6L,OO,1.0
2022-01-22 04:56,NAO08,AM4O2FAH5,AM,1.25
2022-02-14 19:42,EG68,AMVN8VQTZ,AM,0.3
2022-05-09 22:20,OO23,NO0I9NUWH,NO,3.6
2022-06-14 14:03,EG29,AMMYDJTTX,AM,1.1
2022-03-28 01:04,NO09,NAOD2KUTYZ,NAO,2.9
2022-04-16 18:17,KO02,NAODHACR69,NAO,11.95
2022-03-23 20:23,NAO16,KOGMIDJNA,KO,2.5
2022-04-27 07:25,EG14,GEMC36F78,GE,3.0
2022-03-24 11:51,KO04,AMUWT2YQH,AM,10.45
2022-02-16 04:49,OO20,NAOMKWRDTL,NAO,2.6
2022-06-04 22:50,NAO33,KO1ZI0HX5,KO,2.5
2022-05-01 13:25,OO08,AMGTXL919,AM,6.9
2022-04-30 13:12,EG67,NORGGRXP3,NO,1.1
2022-04-17 11:13,EG03,EGLXJLCZH,EG,0.8
2022-05-06 21:36,NO27,GED5MX5KT,GE,5.8
2022-02-12 03:45,EG69,NOJF6TWYY,NO,1.1
2022-02-19 03:49,EG39,KOSQR8ICC,KO,0.6
2022-04-23 14:58,MO10,AMPYKE5HT,AM,1.9
2022-03-29 15:59,KO03,NAOMPFRG9H,NAO,2.95
2022-02-14 21:02,EG68,OO8KUZEJG,OO,0.3
2022-05-19 15:58,AM06,AMDFIIDCI,AM,10.8
2022-02-28 10:48,EG29,OOD8P9KPM,OO,5.3
2022-04-04 06:18,KO11,OOPQE4E8F,OO,7.0
2022-02-27 10:42,NAO17,MOL02Q6O0,MO,10.0
2022-03-24 20:03,AM17,GEASVXD7G,GE,0.7
2022-04-25 12:10,NO15,AM0ZRNB93,AM,8.1
2022-01-27 17:16,NO08,MOGPKB04Z,MO,12.55
2022-04-20 04:39,MO11,OOHCEAK19,OO,2.05
2022-02-06 23:33,NO33,NAOC145I5E,NAO,3.35
2022-06-03 03:33,OO05,AMGFFYAFB,AM,8.9
2022-04-17 15:39,OO14,NOSS7DJS9,NO,1.0
2022-03-01 01:47,NAO10,MO1GDBSW6,MO,1.25
2022-04-13 16:18,MO14,NO5JO90VI,NO,0.8
2022-06-08 16:34,EG39,AMJLFCNLG,AM,0.8
2022-03-13 15:07,KO23,EGZ48GUB5,EG,1.3
2022-02-05 18:38,AM15,KO4N8AHVJ,KO,6.4
2022-05-30 10:59,NO19,MO07G4YWL,MO,6.25
2022-06-02 14:55,EG64,KOG45NIWP,KO,0.5
2022-05-03 19:32,NO31,NAOCU4DEZL,NAO,3.9
2022-04-18 02:08,MO02,MO00QJTLO,MO,4.8
2022-03-29 11:27,MO12,NOGVOCWS9,NO,5.15
2022-05-03 01:20,MO03,OOZDVF15A,OO,7.4
2022-04-08 13:23,EG18,NAONTMN5T1,NAO,5.3
2022-05-08 18:15,AM14,NOMG8RHY2,NO,3.2
2022-04-08 05:37,EG11,OOMBE78UT,OO,0.3
2022-02-07 10:29,NO22,AMIGR802U,AM,2.1
2022-06-24 21:00,NAO08,AMXNHUP2Y,AM,1.25
2022-06-27 20:24,KO26,NAO5DD5SHV,NAO,1.75
2022-06-09 03:31,MO10,NAO0TCHAL7,NAO,2.7
2022-05-14 02:42,EG56,EGTVWY3CY,EG,2.0
2022-03-29 08:54,NAO25,MOO3URNC2,MO,2.5
2022-02-04 23:20,EG56,NOUMN1X70,NO,0.8
2022-05-22 12:10,EG70,AMHCKWUGW,AM,1.3
2022-05-16 16:49,NO34,NOIWEJN8V,NO,8.35
2022-06-24 13:32,NO10,NO0YEO5NZ,NO,2.9
2022-01-21 06:44,AM29,NORQEW4GN,NO,6.9
2022-03-02 14:45,EG35,KOBGXX046,KO,3.5
2022-03-22 01:08,OO18,GEBAAO10O,GE,1.3
2022-06-25 12:34,EG71,MOEU7DK8Z,MO,1.3
2022-04-21 10:16,EG54,KODNTODY1,KO,0.5
2022-06-21 16:23,NAO31,NO4O67KVP,NO,2.5
2022-06-06 07:37,NAO31,AMGVH3OYA,AM,2.5
2022-03-17 01:11,NO14,GEU2YG6TQ,GE,2.9
2022-05-21 18:26,AM01,EGN8CJZCH,EG,5.9
2022-01-28 23:55,NO21,OO082G1VC,OO,0.55
2022-02-16 04:41,EG08,EGULVT495,EG,6.3
2022-04-15 15:44,AM01,KO8JAB1BX,KO,5.9
2022-05-01 19:13,KO25,EGR4357O2,EG,0.7
2022-05-23 10:50,NAO36,AM8DL92MM,AM,1.25
2022-06-17 12:23,EG64,MOO6GQNLV,MO,0.7
2022-03-17 07:18,NAO31,MOVJZ1OT2,MO,1.25
2022-03-08 17:48,EG06,GE2FW4QV8,GE,6.0
2022-03-04 23:12,OO27,MO40M3Q3D,MO,0.9
2022-06-15 11:19,NAO11,NAONBQKQIQ,NAO,6.25
2022-01-22 03:44,KO18,KONGLY91K,KO,0.8
2022-06-07 13:59,EG25,EGBPY2HBK,EG,1.3
2022-01-20 15:29,EG50,GE48B1U6E,GE,1.0
2022-04-22 05:02,NO07,NOE3LTEGP,NO,12.55
2022-06-12 09:43,OO01,MOAHCWEKU,MO,5.8
2022-05-30 01:43,EG21,MOP4EPLEG,MO,1.6
2022-05-11 07:16,EG74,NO9ZH9C6T,NO,2.5
2022-04-01 11:24,EG62,AMAKCEN0I,AM,1.0
2022-03-12 04:17,EG73,NAOEPW3PG7,NAO,0.8
2022-05-06 10:51,KO22,OOPT5OP0T,OO,0.45
2022-01-20 15:09,NAO39,KOHBUEWI3,KO,10.0
2022-03-19 15:08,NAO07,GET66BY9Q,GE,6.25
2022-03-29 12:54,NO34,MOHHZAUM0,MO,8.35
2022-05-16 01:10,KO11,NOF2UFWSH,NO,2.0
2022-05-19 02:41,EG19,NAO65YDHH5,NAO,1.0
2022-02-08 20:53,NAO14,GEAGMAH8R,GE,6.25
2022-04-24 12:16,NO16,NAO06MX8D1,NAO,5.8
2022-02-10 21:16,NO30,MO8KTB8RH,MO,1.8
2022-03-31 01:31,NAO29,KOOXVSC9O,KO,6.25
2022-06-20 14:20,NO03,EGGETLJVQ,EG,3.25
2022-05-14 12:25,EG56,OO77C709K,OO,2.0
2022-02-25 18:42,NO25,EGLXSBITM,EG,5.4
2022-01-19 18:22,EG69,OOXC4ZOWX,OO,0.8
2022-05-21 05:57,MO14,AMQXO9PXP,AM,2.05
2022-04-02 06:32,EG41,AM96BU2JO,AM,0.6
2022-04-29 06:19,NAO13,EGRYRH83E,EG,2.5
2022-02-25 09:08,KO08,NAO9AODDCT,NAO,6.6
2022-05-24 17:50,MO14,AM1LRZ0EP,AM,0.5
2022-01-30 17:22,OO01,GEV5XVVJQ,GE,2.3
2022-04-28 18:12,EG02,NOMG9FVSR,NO,3.0
2022-05-23 04:51,EG26,KO8OFY3IN,KO,4.5
2022-06-23 21:01,EG32,EGCYDDJKY,EG,1.0
2022-05-05 07:07,NO24,GEOPD2SZA,GE,7.6
2022-05-12 23:49,MO01,OOG51CFWR,OO,0.9
2022-05-04 23:28,MO12,MO7WZ2IXM,MO,5.15
2022-04-22 15:40,OO04,EGAX3UZZ3,EG,8.7
2022-06-18 21:52,KO10,EGM9CTZO5,EG,7.25
2022-04-10 03:24,EG69,OO88H2QCZ,OO,0.2
2022-01-22 14:48,KO02,NOKV0DDZP,NO,11.95
2022-04-17 10:10,MO13,NO2X5MNWB,NO,2.85
2022-04-02 01:11,EG38,MO7YH6ACK,MO,3.5
2022-04-03 14:44,EG62,AM7NAFQHV,AM,1.4
2022-06-18 16:39,EG54,GE5RD3N3Y,GE,0.5
2022-06-10 20:47,EG21,GECDMMGCF,GE,5.6
2022-06-21 05:35,MO17,OO7HLLZZD,OO,0.8
2022-04-01 02:22,OO12,OOWXXHNRW,OO,3.9
2022-03-05 13:57,KO19,EG1TC7S4A,EG,0.9
2022-06-10 05:56,NAO36,KOZC27MH1,KO,1.25
2022-02-16 14:59,EG15,KOEXQBJO1,KO,4.2
2022-03-25 05:53,NO29,NO8NBB1AX,NO,2.55
2022-03-22 04:55,NO21,NAOML54PPQ,NAO,2.1
2022-03-27 14:58,EG01,AMAF1KH5B,AM,0.7
2022-05-01 03:14,EG26,EG3LZ06I4,EG,4.5
2022-05-14 17:34,NAO07,KODWZ1WED,KO,2.5
2022-01-24 13:39,KO20,OOZ3HENRE,OO,3.3
2022-02-02 06:00,NAO19,GEGQHW912,GE,6.25
2022-02-02 01:45,OO10,MOLMBBGQR,MO,6.2
2022-05-29 19:03,NO33,OOJABDQ70,OO,8.35
2022-02-28 07:37,EG42,NO42P5LYV,NO,0.4
2022-05-31 01:33,OO06,NOCU7XVFD,NO,8.9
2022-04-22 21:40,AM24,AM9QKV39X,AM,1.1
2022-04-09 14:33,OO06,KO8WVDB5F,KO,2.4
2022-01-16 00:32,OO27,NO58YE1XP,NO,2.4
2022-05-30 10:37,EG65,NAOJMIM5I7,NAO,2.5
2022-03-28 22:23,EG42,MOE6JNF1Q,MO,0.6
2022-02-04 10:44,AM24,MOZ980G1J,MO,0.8
2022-02-25 03:04,NAO25,MO5U3PZJ5,MO,2.5
2022-02-16 01:50,EG63,GEZX3P14I,GE,1.0
2022-06-04 15:14,AM20,OOW5ZODDR,OO,6.3
2022-04-15 17:14,NO15,KO0KBBU4S,KO,5.8
2022-04-04 00:33,NAO41,KOMMO33Y2,KO,10.0
2022-05-13 10:56,MO16,KOXL53DKG,KO,0.3
2022-05-31 08:20,KO26,GER7AGM1H,GE,2.5
2022-02-10 07:46,MO15,EGV2MUF5Y,EG,0.5
2022-02-01 22:48,NAO33,KOXBV3WO1,KO,10.0
2022-01-27 05:25,AM30,KONMYY72Y,KO,1.6
2022-06-14 06:32,NO30,MO5IX5Z3H,MO,1.8
2022-03-23 11:59,AM07,GE8EQNPGC,GE,2.0
2022-05-30 17:42,EG60,EG6EQJU1Z,EG,4.6
2022-04-01 00:52,NO17,NOCXC8S9I,NO,0.95
2022-05-25 10:23,AM29,GESQC9877,GE,2.3
2022-05-17 12:20,NO27,EG7X9KW5N,EG,1.15
2022-06-21 04:45,AM23,EG5Z6OG5N,EG,4.6
2022-02-19 23:28,OO07,EG05I1AAZ,EG,1.9
2022-02-03 08:42,EG57,NAOEP9PBCK,NAO,2.0
2022-02-27 10:18,MO02,OOGAV7KB3,OO,4.8
2022-01-16 10:43,EG67,GE4W4X64C,GE,1.1
2022-06-15 09:43,EG30,NO2AH0EI0,NO,3.8
2022-06-15 13:30,EG38,AMBOTGW6L,AM,3.5
2022-06-11 01:59,NAO37,NAO0G77206,NAO,2.5
2022-05-17 00:24,NAO12,MO1K86AJ0,MO,6.25
2022-02-12 19:10,EG24,MO67WIG7H,MO,4.9
2022-03-30 02:19,OO13,KO6NSS8T6,KO,2.5
2022-04-27 07:02,NO02,MO8CXNHH9,MO,9.6
2022-03-23 16:20,NAO31,MO42A72IV,MO,1.25
2022-01-25 23:46,NO32,NAOC7M8RLF,NAO,3.9
2022-02-11 15:22,NO11,NAODHAMUGK,NAO,2.35
2022-04-24 22:18,KO14,GE4FJLMYW,GE,1.15
2022-03-08 23:11,EG44,OO1AUS15D,OO,0.8
2022-04-05 03:43,AM27,AM23FCDR9,AM,0.4
2022-04-02 21:03,NO31,NOG8PG46I,NO,2.75
2022-01-24 18:46,MO12,MOBDJT0N4,MO,1.4
2022-04-05 11:52,EG70,NAOMGUNH18,NAO,1.8
2022-06-08 05:41,NO32,EGIU02AOF,EG,3.9
2022-05-11 08:54,NAO16,AMM5UVYHI,AM,1.25
2022-03-23 01:05,EG70,NAOY6AMMPS,NAO,1.8
2022-05-29 02:30,EG50,KOLCHDHYR,KO,0.4
2022-03-02 17:33,KO18,GERC3IR5L,GE,0.8
2022-02-05 01:40,EG51,NOIZV1UKZ,NO,0.4
2022-05-20 10:42,AM15,KO5TDCCGQ,KO,6.4
2022-06-05 17:25,NO01,NOWDCZT52,NO,2.7
2022-02-07 20:14,KO06,EGK6E3Z2L,EG,4.8
2022-06-08 06:15,NO03,AMN93AIFH,AM,3.25
2022-05-06 00:18,EG64,GEJHBFDD9,GE,1.8
2022-04-21 15:09,MO15,OOHQINRO3,OO,0.5
2022-02-21 18:50,KO13,GEGWQ424W,GE,1.15
2022-06-27 03:08,EG47,KO7YQBFDI,KO,1.1
2022-02-25 21:59,AM02,KOD60KHI9,KO,2.0
2022-04-10 10:15,EG69,OO8D3WUPF,OO,0.3
2022-05-18 06:02,AM11,NOO93INXH,NO,0.4
2022-03-03 20:36,AM19,OOC4ZUACA,OO,1.7
2022-03-20 04:37,KO19,AMHXGDER9,AM,3.3
2022-06-07 02:29,KO02,NAOWWG5R5J,NAO,11.95
2022-04-09 04:37,MO14,MOAAK4WOG,MO,0.5
2022-03-05 17:11,AM09,NOH11HEXZ,NO,13.1
2022-03-16 14:07,NAO12,KOH1UACVN,KO,6.25
2022-05-15 23:36,MO12,GEKREEK1A,GE,5.15
2022-02-01 14:31,EG63,EGQTCNNXI,EG,1.0
2022-02-01 20:30,NO06,GEODPV0ZC,GE,3.25
2022-02-08 09:20,NO19,AMR6VYRM1,AM,6.25
2022-03-04 00:30,AM26,NOWX4M0DJ,NO,1.6
2022-05-20 14:59,EG08,GEM1OSBIL,GE,6.3
2022-04-21 16:09,EG47,KOX7BNMGP,KO,1.1
2022-06-04 21:43,NO29,AML84XV2D,AM,0.7
2022-05-03 05:20,KO24,EGEMYL6IG,EG,1.3
2022-06-10 19:15,EG29,MOENCU64P,MO,5.3
2022-02-23 09:56,NO17,GEYRYKBJL,GE,1.35
2022-02-20 11:55,EG49,NOKY3WUSY,NO,2.3
2022-04-27 03:52,EG21,MOEFIAR9X,MO,5.6
2022-06-21 14:03,KO22,GEOOOXPSS,GE,0.45
2022-04-08 12:53,EG62,MODGX1AH4,MO,1.0
2022-06-06 04:25,KO06,MOC50PDX3,MO,1.35
2022-06-02 06:25,NO32,AMN9LI6TB,AM,3.9
2022-04-07 20:49,NAO34,OOER73QVJ,OO,6.25
2022-04-23 03:22,NO25,OO1QNQZAF,OO,1.55
2022-06-18 12:48,NAO35,KOO0N4H2X,KO,10.0
2022-04-08 11:14,OO22,GEA0PBH8T,GE,0.4
2022-01-16 23:17,OO11,NORHKEXFA,NO,1.1
2022-04-11 11:43,OO06,EGA5H8YFP,EG,2.4
2022-05-14 07:21,EG01,NOGOTJ62M,NO,3.0
2022-01-26 01:15,NAO21,GENY1ZLEU,GE,6.25
2022-01-21 20:03,EG32,NAO366FNW7,NAO,4.9
2022-01-29 23:37,EG19,MOM9ND1YJ,MO,1.0
2022-04-23 01:57,KO12,KOAS5DJ2M,KO,2.0
2022-03-31 10:00,EG58,EG75CMYO0,EG,0.3
2022-01-28 15:47,OO28,AMQ2VS2O6,AM,0.6
2022-05-22 05:01,EG22,GEN8IQ2T7,GE,4.0
2022-06-22 05:32,EG59,MOPCZR8XU,MO,1.1
2022-02-20 06:16,NAO09,GEJN9ROWA,GE,2.5
2022-03-17 22:54,NO16,GEQEW8LEM,GE,2.3
2022-03-29 00:39,AM06,EGIL9SWGU,EG,15.1
2022-03-14 22:44,EG54,OOC3X7TPX,OO,2.1
2022-05-21 11:41,NAO38,MOW84AENP,MO,2.5
2022-06-07 12:43,KO22,AMSLW71UU,AM,0.45
2022-02-09 10:59,OO10,NOE97K1NY,NO,6.2
2022-02-14 04:05,NAO11,EGC86HWMB,EG,10.0
2022-06-17 13:19,NAO10,MOUHJYI3N,MO,10.0
2022-05-06 15:22,EG49,GE3WFX0SN,GE,3.2
2022-02-19 03:50,NAO41,OO5LDG3M0,OO,1.25
2022-05-04 06:53,OO25,OO9GQWQ6L,OO,0.5
2022-02-14 23:42,EG10,NAOB5N3KUO,NAO,0.9
2022-04-16 23:03,NO28,EGV2O4T3Y,EG,1.15
2022-05-14 17:54,EG55,MOSRQRWWL,MO,0.5
2022-01-19 02:58,KO25,GES2QI7J9,GE,0.7
2022-01-19 05:31,AM30,EGXGB98GP,EG,6.9
2022-05-18 11:42,KO02,NAOOS1ZIEX,NAO,8.5
2022-02-06 12:57,KO17,EGVMVYZ6U,EG,0.55
2022-03-21 05:45,NO11,AMALQM68E,AM,8.45
2022-02-06 06:54,OO04,NAOIJVPTV4,NAO,8.7
2022-04-02 08:58,OO26,AMWIH4D1S,AM,0.5
2022-04-30 21:14,EG45,MOX64VJ81,MO,0.8
2022-05-17 22:39,NAO33,NOGXQN171,NO,6.25
2022-02-12 07:41,NO17,KO9BFP265,KO,3.45
2022-05-08 13:53,EG52,MO8BDY0F7,MO,0.8
2022-05-05 07:27,MO12,EG1BL05LR,EG,5.15
2022-04-11 07:21,OO03,NOEDRG2OK,NO,6.2
2022-04-03 18:03,KO26,OO57PWV5I,OO,0.7
2022-04-05 01:36,NAO01,NAOVLK8XG0,NAO,6.25
2022-05-05 21:30,EG24,AMYRH4JEZ,AM,3.5
2022-01-24 19:22,KO07,NAOIDF8Q2S,NAO,6.6
2022-01-25 18:39,EG68,GE7PZNK0K,GE,0.3
2022-03-22 23:16,MO07,OO0J5TH7W,OO,11.1
2022-02-16 16:59,OO01,EG11LXJX5,EG,2.3
2022-05-28 13:50,EG03,NOVNBQFKM,NO,0.8
2022-01-23 01:29,NO30,NAOKJTLCEX,NAO,1.8
2022-06-16 08:52,AM04,NAOXBJOP4T,NAO,2.2
2022-05-23 00:16,EG33,NAOPNGRHYE,NAO,1.4
2022-05-16 11:26,NO23,NAOZ2K964F,NAO,7.6
2022-05-23 15:07,OO26,AM8WOI07A,AM,0.5
2022-04-07 01:56,AM20,MO8NTH0DS,MO,6.3
2022-04-09 05:41,AM06,EGBIRQB04,EG,3.6
2022-01-21 20:32,NO15,OOSQLA2U0,OO,5.8
2022-05-16 12:59,NAO16,NAOOTKT96V,NAO,2.5
2022-04-13 15:06,NO03,KO5AO6M20,KO,3.25
2022-03-03 06:50,MO14,EGHRRN461,EG,0.8
2022-01-30 07:32,AM11,AMH0GKWQE,AM,0.6
2022-01-23 19:06,NO18,NOIG693J2,NO,0.95
2022-05-18 10:29,EG68,OOGEB7UZX,OO,0.8
2022-06-12 17:54,MO12,NAOZRUK4VC,NAO,7.25
2022-01-27 15:09,KO08,OOBZIUPX5,OO,1.3
2022-05-01 06:44,NAO14,NAOIS8B5VU,NAO,10.0
2022-03-15 04:41,AM06,EG0Q0HO1U,EG,2.5
2022-06-17 07:42,NO31,EG3VY1KPO,EG,2.75
2022-05-15 13:53,NO04,MOIC2D211,MO,8.2
2022-02-12 05:23,EG63,AM4OYA6SP,AM,1.0
2022-05-16 13:41,NO19,OO59Z96CP,OO,1.25
2022-02-25 19:39,EG48,NOB3HCDCK,NO,0.9
2022-04-22 22:00,KO23,AM0MJ4RWP,AM,0.25
2022-01-31 03:41,OO17,NORUBRQDR,NO,6.7
2022-04-22 23:13,KO13,NOEA615VD,NO,2.85
2022-03-11 02:49,EG11,KOJ1TUTAY,KO,0.5
2022-01-16 10:18,NAO06,NAO2KQ6BS4,NAO,2.5
2022-05-21 09:13,EG10,GEZUMCGNM,GE,3.2
2022-02-02 20:15,NAO33,AMU712UPU,AM,2.5
2022-03-07 16:03,KO03,OOGQC4WDC,OO,2.95
2022-05-06 08:19,NO06,MOS5KLM26,MO,2.3
2022-04-27 19:17,NO15,EGT8T9MQ1,EG,8.1
2022-04-13 17:17,KO09,EGT2LTKXW,EG,5.15
2022-03-02 16:02,OO23,AM1ZA2KYM,AM,1.0
2022-06-01 16:52,NO24,GE4DOHRIS,GE,7.6
2022-03-28 06:23,GE02,KOE1I1JV0,KO,74.5
2022-04-26 03:56,NO32,MOOB3GDIB,MO,1.1
2022-06-03 04:19,AM30,EG1HVA7PF,EG,6.9
2022-06-22 17:17,NAO12,OOY93JNV5,OO,1.25
2022-05-02 13:59,KO01,EGI778T9C,EG,11.95
2022-02-26 08:42,EG24,OOL3FSGNS,OO,1.4
