timestamp,tollID,tagRef,tagHomeID,charge
10-19-23,AM27,AMLJH75LX,OO,0.4
11-14-23,EG11,EG9CHJ755,AM,0.3
10-17-23,EG43,MOJCKJLTE,EG,1.1
12-07-23,NAO01,NOX6GVWRD,MO,2.5
12-29-23,MO16,GEL6246HI,AM,0.3
10-15-23,EG23,NAOURTP0LZ,AM,1.4
07-01-23,EG71,EGUT0CVS4,NO,0.5
09-16-23,NAO14,EGF1T2TAL,AM,2.5
09-22-23,NAO18,KOIXA11DP,GE,2.5
10-29-23,EG26,GE5A0L725,NAO,1.8
11-05-23,NAO29,OO1B0Z3NX,AM,10.0
10-08-23,AM30,NAOHAFEYUH,MO,1.6
10-02-23,OO26,OO3KKV9RF,AM,0.8
10-31-23,OO02,NAO09SKDGI,NAO,2.3
11-22-23,EG10,AMV3A3ZMF,OO,0.9
09-21-23,OO20,EGUT0CVS4,NAO,9.1
07-13-23,EG41,EGSEIMVIH,KO,0.4
11-18-23,EG16,EG7UR23GD,NO,1.2
12-23-23,AM22,EG9CHJ755,NAO,1.1
08-16-23,OO26,NAOURTP0LZ,GE,0.5
08-05-23,EG65,NAOHL1N13J,GE,0.5
08-28-23,NO28,NORCBPLJD,KO,1.15
08-11-23,KO08,KOWM31YIH,NAO,6.6
09-13-23,EG37,NAONSM43D8,NAO,3.5
12-09-23,NO14,AMNT3W5UZ,OO,4.15
08-08-23,NAO15,NAOURTP0LZ,GE,1.25
12-19-23,OO24,AMNT3W5UZ,NO,1.0
10-05-23,KO05,GEL6246HI,MO,1.9
09-29-23,NAO30,EGVWPVS7H,KO,6.25
07-08-23,NAO40,EGF1T2TAL,NAO,2.5
07-26-23,AM09,KOWKTAKPU,KO,9.4
07-24-23,EG61,OOQ0OXFQ8,AM,4.6
12-18-23,NAO27,NAONSM43D8,NAO,10.0
09-14-23,MO11,NAOLY8OZCY,MO,7.25
11-16-23,EG64,NOX6GVWRD,AM,1.8
08-10-23,EG10,KOWM31YIH,NO,0.6
10-09-23,EG14,GE2IAGL58,MO,0.8
12-12-23,AM03,NAOHAFEYUH,KO,9.6
08-28-23,MO04,GEJA1WJ0T,AM,2.1
11-25-23,MO01,NAOP0J43D5,MO,3.4
08-09-23,EG34,EGRHOCN9J,NAO,5.0
09-29-23,EG10,EGIGQPKI7,KO,3.2
08-10-23,NO18,AMH9SDBDW,GE,0.95
08-23-23,NAO22,NOE1V2ISQ,GE,1.25
11-02-23,NAO07,OOQ0OXFQ8,AM,2.5
12-08-23,EG21,MOV86WZS3,OO,1.1
11-23-23,EG71,EGUT0CVS4,GE,1.3
07-08-23,NO16,GE5A0L725,NO,2.3
08-01-23,EG35,KONCXLL4Z,MO,2.5
11-08-23,OO28,NAO5UQPGB7,AM,0.6
11-22-23,AM16,OO3KKV9RF,EG,2.1
09-20-23,EG31,AMNT3W5UZ,GE,1.4
10-02-23,NAO31,MOJCKJLTE,GE,6.25
07-10-23,AM26,NAONSM43D8,AM,1.1
09-17-23,AM26,NOX6GVWRD,NO,4.9
12-24-23,AM10,NAOURTP0LZ,OO,3.1
07-03-23,NAO03,OOQ0OXFQ8,EG,10.0
08-30-23,EG66,EGUT0CVS4,GE,0.8
12-14-23,NO04,NAO5ZJA8DZ,KO,11.45
12-23-23,EG12,OOZSJ49IT,OO,1.5
10-22-23,NO32,EGC11ERTJ,NO,1.1
09-11-23,NO18,NAOURTP0LZ,EG,0.95
11-18-23,EG08,OO7PZE9VI,OO,1.8
11-28-23,NAO03,NAOLY8OZCY,NAO,1.25
08-27-23,NO23,NAOHAFEYUH,AM,7.6
11-21-23,NO05,EGVWPVS7H,NAO,11.5
08-10-23,MO02,OO1B0Z3NX,EG,3.4
07-16-23,EG15,NOQLL8OS9,MO,1.2
11-16-23,OO12,GEL6246HI,NAO,1.1
10-01-23,EG60,NAOLY8OZCY,KO,0.9
11-17-23,EG20,EGSEIMVIH,OO,1.4
08-10-23,NO12,AMV3A3ZMF,OO,11.85
09-12-23,NO15,EG9CHJ755,EG,5.8
12-29-23,MO16,AMHJ7XVG0,EG,0.5
07-23-23,EG64,NAOBMYOFQE,NO,1.8
10-21-23,EG07,NOX6GVWRD,MO,6.3
11-07-23,AM01,OO3KKV9RF,GE,2.0
11-28-23,EG29,AMV3A3ZMF,NO,5.3
07-17-23,EG06,NAOVZ41NAM,OO,1.2
10-25-23,NAO23,EGUT0CVS4,GE,6.25
11-21-23,EG55,EGRHOCN9J,GE,0.6
08-02-23,NAO08,AMH9SDBDW,NAO,2.5
12-12-23,OO03,AMHJ7XVG0,EG,8.7
12-30-23,OO20,NAO09SKDGI,MO,6.5
08-02-23,OO28,EG9CHJ755,NO,3.3
10-02-23,NAO08,EG9CHJ755,MO,1.25
10-12-23,AM02,OO1B0Z3NX,KO,1.4
12-01-23,OO20,NAOURTP0LZ,NO,1.8
07-04-23,NAO14,AMV3A3ZMF,KO,6.25
10-10-23,OO20,GEX7EEDTJ,MO,2.6
10-12-23,OO25,KOIXA11DP,AM,2.9
10-28-23,OO02,GEL6246HI,AM,1.6
11-03-23,AM19,GEL6246HI,MO,5.0
07-15-23,KO10,AMXAJI0Y6,GE,5.15
11-27-23,KO21,EGC11ERTJ,AM,2.35
09-22-23,AM18,EGUT0CVS4,MO,1.2
10-02-23,MO03,EGSEIMVIH,AM,7.4
09-15-23,AM06,EGUT0CVS4,NO,15.1
12-18-23,EG39,KONCXLL4Z,GE,0.8
10-04-23,OO16,AMHJ7XVG0,AM,1.8
09-03-23,MO18,AMNT3W5UZ,NO,2.05
08-03-23,NO19,KOIXA11DP,EG,6.25
10-18-23,EG44,AMV3A3ZMF,NAO,0.3
07-08-23,EG13,GE2IAGL58,NAO,1.2
10-13-23,NO06,NAO09SKDGI,GE,8.2
11-07-23,OO09,AMLJH75LX,EG,1.7
10-24-23,AM26,AMH9SDBDW,OO,1.6
09-28-23,MO08,AMNT3W5UZ,NO,2.2
08-08-23,NO19,EGYTJXEPQ,MO,6.25
10-30-23,NO02,EGRHOCN9J,OO,2.7
12-02-23,EG46,GEJA1WJ0T,AM,0.2
09-20-23,KO12,EG9CHJ755,KO,5.0
08-26-23,NO24,KOWM31YIH,MO,7.6
08-28-23,OO01,NAOLY8OZCY,OO,2.3
10-12-23,NAO01,OOZSJ49IT,KO,6.25
08-27-23,EG62,OOQ0OXFQ8,OO,0.4
12-20-23,EG46,NAOHAFEYUH,OO,0.8
11-11-23,EG03,GE2IAGL58,MO,3.0
09-13-23,NO25,GEX7EEDTJ,EG,5.4
09-24-23,KO24,EGSEIMVIH,KO,0.9
08-18-23,EG55,EGYTJXEPQ,EG,2.1
12-17-23,KO02,NAO5UQPGB7,GE,11.95
12-25-23,NO29,AMXAJI0Y6,NO,2.55
08-21-23,EG69,NOE1V2ISQ,GE,1.1
12-09-23,EG48,AMNT3W5UZ,NAO,3.2
07-25-23,KO12,EGF1T2TAL,EG,7.0
11-01-23,EG16,EGVWPVS7H,MO,0.8
08-19-23,AM19,NAO5ZJA8DZ,KO,7.0
09-26-23,NAO15,NAOHAFEYUH,MO,1.25
10-23-23,EG23,EGIGQPKI7,KO,1.4
10-24-23,EG54,EG9CHJ755,AM,0.6
12-15-23,NAO40,NOX6GVWRD,MO,10.0
08-30-23,NO29,AMH9SDBDW,EG,2.55
09-22-23,EG46,NOXFGCAQV,GE,0.3
12-13-23,NO08,NAOBMYOFQE,MO,2.5
11-02-23,NAO17,NOXFGCAQV,KO,10.0
10-10-23,AM03,EGVWPVS7H,MO,9.6
12-13-23,OO22,KOIXA11DP,NAO,0.4
07-31-23,NO15,NAOHAFEYUH,NO,1.6
08-21-23,AM10,KONCXLL4Z,NAO,13.1
12-10-23,NAO02,EGVWPVS7H,EG,10.0
07-06-23,EG03,EGIGQPKI7,AM,1.2
09-22-23,AM14,AMHJ7XVG0,NAO,4.5
07-17-23,NAO14,KONCXLL4Z,GE,1.25
08-01-23,NO07,EG9CHJ755,EG,3.55
12-03-23,NO13,EG7UR23GD,MO,14.6
09-11-23,EG23,EGVWPVS7H,NAO,4.9
09-01-23,EG04,KONCXLL4Z,NO,0.8
07-02-23,AM19,OO3KKV9RF,NAO,5.0
09-09-23,NAO40,KOWKTAKPU,EG,10.0
11-26-23,OO05,AMH9SDBDW,MO,3.5
12-29-23,OO23,NO7PTX63C,NAO,3.6
09-05-23,KO14,NAO5ZJA8DZ,AM,2.85
09-12-23,AM18,GE2IAGL58,AM,1.2
11-03-23,NO06,AMNT3W5UZ,NO,2.3
09-04-23,NO16,NAOBMYOFQE,OO,1.6
07-08-23,OO23,NOE1V2ISQ,AM,1.4
08-07-23,KO03,KOWKTAKPU,GE,10.45
12-20-23,NO30,GEJA1WJ0T,GE,2.55
08-12-23,GE02,NAOVZ41NAM,KO,46.5
09-20-23,MO18,OO3KKV9RF,NO,2.05
08-23-23,EG33,EGSEIMVIH,EG,2.0
10-03-23,EG36,NAOLY8OZCY,EG,3.5
09-20-23,NO16,NAOP0J43D5,OO,2.3
10-15-23,KO01,OO1B0Z3NX,NAO,3.4
11-04-23,EG10,EG9CHJ755,OO,0.6
11-20-23,NO27,OO1B0Z3NX,NAO,1.65
10-20-23,EG07,NAO5UQPGB7,MO,6.3
07-21-23,OO14,EG7UR23GD,GE,2.5
12-24-23,NAO07,GEX7EEDTJ,NAO,10.0
08-12-23,EG27,GE2IAGL58,NO,1.0
09-04-23,NAO29,AMLJH75LX,NAO,10.0
11-08-23,MO16,MOJCKJLTE,MO,0.3
08-10-23,EG26,AMHJ7XVG0,AM,1.3
08-09-23,NO24,NAOLY8OZCY,EG,1.5
09-08-23,NAO31,OO7PZE9VI,GE,6.25
10-17-23,AM14,KOWM31YIH,NAO,0.7
10-08-23,NO23,NOE1V2ISQ,AM,5.4
11-19-23,MO05,GEX7EEDTJ,AM,9.1
07-25-23,NO32,NOX6GVWRD,GE,1.1
12-14-23,KO14,AMXAJI0Y6,NO,0.8
08-06-23,NO34,MOV86WZS3,KO,8.35
12-14-23,EG28,KOIXA11DP,AM,4.9
10-18-23,NAO10,NOXFGCAQV,OO,1.25
10-02-23,NO04,GEL6246HI,NO,2.25
09-01-23,NAO39,KOIXA11DP,NO,6.25
08-01-23,NO14,GEX7EEDTJ,AM,2.9
11-23-23,NO22,NOX6GVWRD,AM,2.9
09-03-23,NAO22,NAOURTP0LZ,EG,2.5
09-06-23,NO11,EGC11ERTJ,OO,2.35
07-19-23,NO31,NAOP0J43D5,NAO,1.1
07-03-23,NAO22,OOZSJ49IT,KO,2.5
09-22-23,AM02,EGUT0CVS4,NO,1.4
07-09-23,MO08,EGF1T2TAL,NAO,3.15
11-22-23,NAO28,NAOP0J43D5,MO,2.5
07-29-23,EG74,OO3KKV9RF,EG,0.7
11-27-23,NAO26,OO7PZE9VI,KO,1.25
10-11-23,EG60,EGF1T2TAL,AM,0.9
12-18-23,NO21,AMXAJI0Y6,OO,0.55
07-30-23,EG02,EGC11ERTJ,AM,3.0
11-05-23,KO11,OO7PZE9VI,NAO,1.4
11-20-23,EG32,NAO5ZJA8DZ,NAO,3.5
09-12-23,EG21,GEL6246HI,NAO,4.0
09-08-23,NO23,AMLJH75LX,OO,5.4
10-18-23,OO27,AMNT3W5UZ,EG,2.4
08-15-23,OO13,EGIGQPKI7,MO,0.7
12-23-23,AM11,OO1B0Z3NX,AM,0.6
07-02-23,OO02,EGSEIMVIH,GE,8.1
11-30-23,NO08,NOQLL8OS9,NAO,2.5
11-09-23,KO25,OO3KKV9RF,KO,0.5
10-01-23,NO28,EGF1T2TAL,KO,1.15
08-28-23,KO25,EGF1T2TAL,GE,0.5
12-29-23,AM22,GEJA1WJ0T,AM,1.1
12-06-23,OO17,NAO5ZJA8DZ,AM,6.7
12-01-23,EG42,EGUT0CVS4,KO,1.5
10-10-23,EG47,OO1B0Z3NX,KO,0.3
11-27-23,NO22,EGUT0CVS4,EG,0.8
08-22-23,EG35,GEL6246HI,NAO,0.7
12-04-23,AM20,NAO5ZJA8DZ,OO,1.0
10-02-23,OO28,NOX6GVWRD,NO,3.3
12-19-23,NO34,EG7UR23GD,EG,11.75
09-16-23,EG42,MOJCKJLTE,AM,0.4
12-10-23,OO24,NOQLL8OS9,OO,3.6
12-23-23,AM10,AMH9SDBDW,NAO,3.1
07-12-23,KO11,KOJDP0LVS,GE,7.0
10-30-23,KO26,NAONSM43D8,GE,1.75
10-29-23,OO10,EGF1T2TAL,KO,6.2
08-02-23,NO02,NAOHAFEYUH,GE,9.6
09-16-23,OO01,NAOHAFEYUH,AM,1.6
11-19-23,KO16,NOQLL8OS9,NO,3.15
10-19-23,AM07,NAO09SKDGI,OO,12.0
09-18-23,EG35,NAO5UQPGB7,OO,0.7
10-26-23,AM07,OOQ0OXFQ8,AM,12.0
08-06-23,EG68,EGRHOCN9J,EG,0.2
07-19-23,NAO22,GE5A0L725,NAO,1.25
08-09-23,EG17,GE5A0L725,EG,1.5
08-16-23,AM05,NOE1V2ISQ,MO,10.8
10-15-23,OO26,GE5A0L725,AM,0.8
12-22-23,NAO13,NAOLY8OZCY,GE,2.5
10-16-23,EG27,EGC11ERTJ,MO,4.9
08-23-23,AM11,NAOVZ41NAM,OO,2.7
11-26-23,NO16,OO7PZE9VI,NAO,2.3
09-18-23,NAO30,AMXAJI0Y6,OO,2.5
09-12-23,NAO01,NAONSM43D8,EG,6.25
08-31-23,AM26,NOXFGCAQV,NO,4.9
11-24-23,EG13,EG9CHJ755,AM,4.2
09-25-23,NO12,NOQLL8OS9,OO,11.85
07-12-23,NO02,AMNT3W5UZ,AM,9.6
08-06-23,NO19,NAOHL1N13J,NO,4.45
11-06-23,NO29,GE5A0L725,KO,0.7
09-23-23,AM01,OOQ0OXFQ8,AM,2.0
09-14-23,EG38,GEJA1WJ0T,MO,1.0
07-24-23,AM05,AMNT3W5UZ,NO,15.1
09-27-23,EG33,NAOLY8OZCY,KO,7.0
07-07-23,OO05,KONCXLL4Z,NO,3.5
10-06-23,OO01,EGVWPVS7H,AM,8.1
08-23-23,NO01,KOWM31YIH,NAO,13.5
09-06-23,EG08,EGC11ERTJ,GE,1.3
10-27-23,KO19,AMH9SDBDW,AM,0.9
08-27-23,NAO02,GEL6246HI,NO,2.5
09-12-23,EG14,NORCBPLJD,NO,1.2
07-09-23,NAO15,NOXFGCAQV,KO,10.0
12-23-23,OO12,NOXFGCAQV,EG,1.5
11-23-23,NO32,OO1B0Z3NX,OO,3.9
07-11-23,OO01,NAO09SKDGI,NAO,8.1
12-01-23,NAO01,NOX6GVWRD,GE,2.5
10-19-23,KO02,NAONSM43D8,NAO,3.4
07-04-23,NAO07,KOJDP0LVS,NO,1.25
09-05-23,EG27,EGC11ERTJ,EG,3.5
07-28-23,NO26,OO3KKV9RF,KO,1.55
08-27-23,NAO27,EGUT0CVS4,EG,1.25
11-26-23,NO03,AMH9SDBDW,NO,3.25
10-11-23,AM29,EGRHOCN9J,KO,1.6
08-15-23,KO09,NAO5ZJA8DZ,AM,5.15
07-24-23,NO33,KOWKTAKPU,GE,2.35
11-30-23,EG11,AMV3A3ZMF,OO,1.5
10-28-23,KO10,NAOP0J43D5,KO,5.15
08-19-23,NAO09,NAOHL1N13J,NAO,2.5
08-30-23,EG70,NAOHAFEYUH,GE,1.8
09-24-23,EG33,EGVWPVS7H,AM,2.0
09-21-23,EG65,NAO5ZJA8DZ,NAO,1.8
10-31-23,EG19,NAONSM43D8,KO,1.0
10-23-23,NO12,AMLJH75LX,NAO,8.45
07-25-23,KO20,MOJCKJLTE,KO,3.3
07-21-23,NAO10,KOWKTAKPU,NAO,10.0
11-02-23,MO15,GE5A0L725,GE,0.3
11-08-23,NO22,NO7PTX63C,GE,0.8
09-22-23,MO08,NORCBPLJD,AM,11.1
10-10-23,NAO06,NOX6GVWRD,NO,1.25
12-10-23,KO06,AMNT3W5UZ,KO,4.8
11-03-23,EG04,OO3KKV9RF,GE,4.2
11-24-23,KO01,GE5A0L725,NAO,8.5
07-31-23,EG53,KOWM31YIH,EG,0.8
07-28-23,MO03,GE2IAGL58,EG,5.25
10-06-23,AM30,GEJA1WJ0T,KO,1.6
10-30-23,OO05,AMH9SDBDW,GE,12.4
12-08-23,EG52,EGC11ERTJ,NO,1.1
11-07-23,NO20,AMH9SDBDW,NO,6.25
12-20-23,EG40,GE2IAGL58,NO,2.8
09-12-23,NAO39,NORCBPLJD,OO,6.25
11-29-23,NAO17,AMLJH75LX,NAO,2.5
08-20-23,KO03,EG7UR23GD,AM,2.95
12-24-23,KO22,NOE1V2ISQ,EG,0.65
12-27-23,MO10,EGSEIMVIH,GE,9.6
08-30-23,MO10,GE5A0L725,GE,2.7
07-25-23,NAO11,MOV86WZS3,MO,1.25
10-28-23,AM02,AMV3A3ZMF,AM,8.3
10-04-23,NO12,MOJCKJLTE,AM,2.35
10-30-23,EG15,KOJDP0LVS,GE,0.8
07-07-23,OO26,NAOBMYOFQE,EG,0.8
07-30-23,OO19,GEL6246HI,KO,9.1
12-05-23,EG61,KOWKTAKPU,OO,3.3
08-08-23,NAO14,OO7PZE9VI,AM,2.5
12-30-23,EG44,KOJDP0LVS,MO,0.2
09-22-23,NO29,NAOURTP0LZ,GE,2.55
07-20-23,KO10,KOWKTAKPU,MO,7.25
07-11-23,NO14,AMH9SDBDW,AM,2.9
07-10-23,MO03,EGC11ERTJ,NO,7.4
08-11-23,EG21,GE5A0L725,AM,4.0
07-16-23,EG02,KONCXLL4Z,NO,0.7
07-23-23,AM09,KONCXLL4Z,NAO,2.2
09-20-23,MO11,AMXAJI0Y6,OO,1.4
12-16-23,AM12,EGSEIMVIH,NAO,0.4
11-30-23,EG71,EGF1T2TAL,EG,1.3
08-15-23,GE01,AMH9SDBDW,NO,2.0
08-13-23,EG31,NOXFGCAQV,KO,1.4
12-11-23,EG09,KOJDP0LVS,EG,2.3
08-17-23,KO03,KOJDP0LVS,OO,2.95
09-06-23,NO31,MOJCKJLTE,NAO,2.75
10-07-23,KO03,NOXFGCAQV,NAO,2.95
09-16-23,EG02,OOQ0OXFQ8,GE,7.5
08-07-23,MO17,EGF1T2TAL,EG,2.9
09-29-23,NAO26,GE5A0L725,OO,2.5
09-18-23,EG24,GE2IAGL58,EG,1.0
08-08-23,MO06,MOJCKJLTE,EG,2.6
09-11-23,AM01,AMLJH75LX,EG,1.4
10-31-23,AM10,NOQLL8OS9,KO,2.2
10-03-23,KO10,GEL6246HI,AM,2.05
10-10-23,EG70,NORCBPLJD,GE,1.3
10-27-23,NO04,EGF1T2TAL,EG,11.45
12-25-23,EG39,AMLJH75LX,MO,0.6
12-27-23,NO33,MOJCKJLTE,EG,11.75
07-29-23,NAO08,NAOLY8OZCY,OO,6.25
09-24-23,NAO18,KOJDP0LVS,EG,6.25
10-24-23,MO17,EG9CHJ755,NO,2.05
12-24-23,OO11,KOIXA11DP,EG,1.1
11-22-23,EG59,NAOVZ41NAM,OO,0.8
08-03-23,NAO27,AMV3A3ZMF,GE,1.25
07-31-23,EG57,EGF1T2TAL,GE,2.8
07-21-23,NAO16,NOXFGCAQV,NO,6.25
12-08-23,AM01,AMXAJI0Y6,NAO,2.0
08-19-23,NO22,AMLJH75LX,KO,2.9
08-13-23,AM13,NAOLY8OZCY,EG,4.5
09-03-23,EG24,EGF1T2TAL,OO,3.5
09-09-23,NO13,EGSEIMVIH,OO,2.9
09-17-23,OO24,NOX6GVWRD,OO,3.6
11-16-23,EG55,NAOVZ41NAM,NO,2.1
11-06-23,EG33,NORCBPLJD,OO,7.0
08-05-23,NO10,KONCXLL4Z,AM,10.5
08-14-23,KO11,EG7UR23GD,KO,2.0
10-10-23,EG70,EGVWPVS7H,AM,1.3
11-22-23,NAO39,NOQLL8OS9,OO,10.0
08-28-23,NAO19,NOX6GVWRD,MO,2.5
10-22-23,OO09,EG9CHJ755,NO,2.5
11-22-23,NO29,NAOLY8OZCY,OO,0.5
09-20-23,KO06,GEJA1WJ0T,AM,1.35
10-12-23,NAO08,NAOURTP0LZ,NAO,1.25
12-01-23,EG28,KOWKTAKPU,NAO,4.9
07-21-23,NO18,EG7UR23GD,MO,3.45
09-05-23,EG38,NAOVZ41NAM,NAO,4.9
11-06-23,NAO30,NAO5ZJA8DZ,GE,2.5
09-29-23,NO07,EGYTJXEPQ,AM,12.55
09-07-23,NO34,KOWM31YIH,GE,8.35
11-30-23,KO18,EGUT0CVS4,MO,2.9
08-22-23,AM28,NAOLY8OZCY,NAO,2.5
12-14-23,EG46,MOV86WZS3,NAO,0.2
12-15-23,NO17,AMLJH75LX,KO,0.95
08-12-23,AM01,EGIGQPKI7,NO,1.4
11-14-23,EG04,AMV3A3ZMF,GE,4.2
07-11-23,EG17,KOWM31YIH,NAO,1.5
09-24-23,EG08,KOJDP0LVS,OO,4.5
12-26-23,EG46,NAO09SKDGI,GE,0.8
11-21-23,EG55,KOWKTAKPU,MO,1.5
08-23-23,NO14,OOQ0OXFQ8,NAO,10.45
10-19-23,MO15,GEJA1WJ0T,MO,1.3
07-30-23,NAO35,GEJA1WJ0T,MO,6.25
12-24-23,MO10,GEJA1WJ0T,MO,2.7
07-31-23,MO01,AMLJH75LX,EG,0.9
12-14-23,NAO20,EGYTJXEPQ,OO,6.25
08-02-23,NO07,NORCBPLJD,EG,12.55
10-23-23,AM20,OO3KKV9RF,MO,4.5
08-29-23,OO13,KOJDP0LVS,EG,3.5
09-20-23,NAO38,NAOP0J43D5,KO,6.25
10-09-23,EG37,KOIXA11DP,EG,3.5
10-22-23,OO22,EGUT0CVS4,OO,1.5
11-04-23,EG26,EGSEIMVIH,GE,1.8
09-10-23,NAO26,NAOBMYOFQE,AM,2.5
12-10-23,NAO16,AMNT3W5UZ,GE,1.25
08-14-23,EG59,OOZSJ49IT,OO,1.1
08-17-23,NAO15,NOE1V2ISQ,NO,1.25
08-10-23,EG56,EGC11ERTJ,NAO,0.8
08-28-23,NO06,AMV3A3ZMF,EG,2.3
11-30-23,EG73,EGUT0CVS4,EG,0.3
08-30-23,NO18,EG7UR23GD,NO,1.35
11-09-23,AM01,NAOLY8OZCY,AM,1.4
10-02-23,EG38,NAOVZ41NAM,MO,1.0
12-13-23,KO12,NORCBPLJD,OO,1.4
12-19-23,NO07,NAOVZ41NAM,NO,8.95
12-19-23,NAO22,MOJCKJLTE,OO,10.0
12-19-23,OO28,AMNT3W5UZ,AM,3.3
09-20-23,NO25,KONCXLL4Z,AM,1.05
08-23-23,NAO35,EGF1T2TAL,AM,6.25
09-20-23,NAO15,AMNT3W5UZ,GE,1.25
10-04-23,MO01,NOE1V2ISQ,AM,1.35
12-11-23,MO13,EG7UR23GD,GE,2.05
11-10-23,EG54,NAOLY8OZCY,MO,0.6
07-17-23,EG06,NAOLY8OZCY,OO,4.3
12-10-23,NAO24,NOQLL8OS9,GE,10.0
09-02-23,KO24,OOZSJ49IT,MO,0.25
07-19-23,AM17,NO7PTX63C,NO,3.0
08-11-23,NO12,NAO5UQPGB7,GE,3.35
11-30-23,AM22,NOXFGCAQV,NO,0.8
10-29-23,AM02,OOQ0OXFQ8,AM,2.0
11-21-23,NO32,EGC11ERTJ,NAO,2.75
09-12-23,AM28,EGC11ERTJ,NO,1.8
08-02-23,OO25,OO7PZE9VI,NAO,2.9
07-03-23,OO20,KOIXA11DP,AM,1.8
11-25-23,EG74,NAOBMYOFQE,EG,2.5
09-22-23,EG49,KOJDP0LVS,OO,2.3
09-12-23,OO18,OO7PZE9VI,GE,6.7
08-16-23,NO06,EG9CHJ755,OO,3.25
08-23-23,MO16,NOQLL8OS9,NAO,0.5
07-15-23,NAO17,OOZSJ49IT,OO,1.25
11-27-23,GE02,NAOLY8OZCY,OO,74.5
07-25-23,KO13,NAO09SKDGI,NO,4.05
12-20-23,NO04,NAONSM43D8,MO,3.25
11-05-23,EG10,EGYTJXEPQ,NO,2.3
12-19-23,NAO08,GE5A0L725,AM,2.5
10-28-23,EG16,OOZSJ49IT,MO,1.2
12-28-23,NO32,NAOHL1N13J,NAO,2.75
08-05-23,NAO14,EGIGQPKI7,KO,10.0
12-27-23,AM11,KOWM31YIH,NO,1.9
08-17-23,EG15,NAONSM43D8,KO,3.0
10-02-23,EG21,EGIGQPKI7,GE,1.6
12-26-23,AM05,NO7PTX63C,OO,3.6
07-20-23,EG40,KOWKTAKPU,EG,0.8
09-10-23,AM15,EG7UR23GD,KO,9.0
11-29-23,EG73,NAOLY8OZCY,NAO,0.8
11-29-23,EG49,GEL6246HI,MO,3.2
12-09-23,KO06,EGRHOCN9J,NO,1.35
08-14-23,EG53,AMXAJI0Y6,NAO,0.2
10-13-23,NO19,OO3KKV9RF,KO,4.45
08-11-23,AM17,NAO5ZJA8DZ,EG,0.7
10-05-23,OO26,MOV86WZS3,NAO,0.5
10-30-23,OO08,OO7PZE9VI,GE,1.9
12-30-23,NO01,NAOHL1N13J,GE,2.7
10-01-23,AM15,GE5A0L725,NO,9.0
12-20-23,EG14,NOXFGCAQV,EG,0.8
08-09-23,NAO12,GE5A0L725,KO,10.0
08-25-23,AM01,GEX7EEDTJ,AM,1.4
09-30-23,EG20,NAOURTP0LZ,NAO,1.0
09-13-23,EG36,OOQ0OXFQ8,EG,2.5
10-03-23,EG71,NOQLL8OS9,NAO,1.8
12-23-23,AM11,OO3KKV9RF,NAO,1.9
08-24-23,NAO11,KOWM31YIH,GE,2.5
07-15-23,OO16,NAOBMYOFQE,AM,4.7
10-25-23,MO06,KONCXLL4Z,KO,2.6
07-18-23,EG48,EGSEIMVIH,OO,0.6
08-21-23,NO23,OOZSJ49IT,NAO,7.6
07-19-23,NO34,MOV86WZS3,KO,11.75
08-25-23,NO12,AMV3A3ZMF,OO,8.45
10-15-23,OO13,MOJCKJLTE,OO,3.5
10-24-23,NO02,EGUT0CVS4,GE,9.6
07-08-23,MO07,KOJDP0LVS,GE,2.2
08-18-23,MO12,NAO09SKDGI,KO,7.25
08-07-23,AM02,NAO09SKDGI,NAO,1.4
07-25-23,AM18,NOX6GVWRD,AM,5.0
07-09-23,KO14,KOJDP0LVS,AM,1.15
09-11-23,NAO21,GEJA1WJ0T,MO,2.5
11-19-23,NAO40,NAOBMYOFQE,MO,1.25
11-14-23,OO15,MOV86WZS3,NO,1.3
12-27-23,AM10,NAOVZ41NAM,EG,2.2
12-03-23,NAO26,NAO5ZJA8DZ,OO,1.25
10-26-23,NAO40,NAOP0J43D5,KO,1.25
07-18-23,NAO02,OO7PZE9VI,EG,6.25
09-13-23,NAO32,EG9CHJ755,AM,10.0
11-14-23,EG03,NAOHAFEYUH,OO,3.0
07-24-23,KO01,NAOHAFEYUH,EG,2.35
07-26-23,EG65,NAOBMYOFQE,MO,1.8
11-05-23,NAO06,NAOLY8OZCY,NAO,2.5
11-21-23,NO04,EGC11ERTJ,KO,2.25
07-18-23,EG04,OO7PZE9VI,MO,4.2
12-21-23,OO19,OO7PZE9VI,NO,9.1
10-01-23,AM04,GEL6246HI,NO,6.8
09-25-23,EG27,OOQ0OXFQ8,AM,3.5
12-26-23,KO22,OO3KKV9RF,KO,0.45
11-07-23,NO07,KOWKTAKPU,AM,8.95
10-06-23,NAO19,EGC11ERTJ,KO,6.25
07-14-23,KO08,AMXAJI0Y6,NAO,6.6
11-22-23,NAO40,EG9CHJ755,NO,2.5
08-10-23,AM11,OOZSJ49IT,OO,2.7
08-31-23,AM15,GEL6246HI,MO,9.0
10-29-23,EG67,OOQ0OXFQ8,KO,0.2
07-07-23,AM24,OOQ0OXFQ8,EG,0.8
11-17-23,NO20,NAO09SKDGI,GE,1.75
09-29-23,EG53,AMV3A3ZMF,AM,0.3
10-06-23,AM10,MOJCKJLTE,MO,3.1
12-11-23,EG14,OO1B0Z3NX,NO,1.2
08-14-23,OO08,NAO5ZJA8DZ,GE,6.9
07-14-23,AM25,EGVWPVS7H,MO,1.6
09-28-23,EG65,NAOURTP0LZ,MO,2.5
11-04-23,GE01,NAOVZ41NAM,OO,74.5
10-13-23,AM03,NAO5ZJA8DZ,AM,2.2
07-15-23,OO28,EGSEIMVIH,NO,3.3
08-09-23,OO15,AMHJ7XVG0,AM,1.3
07-16-23,OO16,OO1B0Z3NX,GE,1.8
10-27-23,EG72,EG7UR23GD,GE,1.1
12-20-23,OO13,EGRHOCN9J,NO,2.5
07-01-23,EG15,NOX6GVWRD,NAO,1.2
08-04-23,EG05,AMLJH75LX,EG,6.0
07-15-23,KO16,NOX6GVWRD,NAO,3.15
08-28-23,NO12,NAO5UQPGB7,NO,2.35
12-28-23,EG73,NO7PTX63C,NO,0.2
07-13-23,OO16,NORCBPLJD,KO,4.7
09-06-23,NAO01,NOX6GVWRD,OO,6.25
08-19-23,NAO25,NAOBMYOFQE,AM,6.25
09-04-23,KO26,EGSEIMVIH,NAO,0.7
09-24-23,NO11,OOZSJ49IT,NO,3.35
11-12-23,EG65,NAOBMYOFQE,GE,0.5
12-24-23,OO19,NAOHL1N13J,KO,6.5
12-07-23,EG58,AMNT3W5UZ,NO,0.8
11-17-23,NAO24,NAOURTP0LZ,GE,10.0
11-02-23,KO03,EGF1T2TAL,EG,7.45
12-20-23,EG42,NO7PTX63C,EG,2.1
12-02-23,NO16,NORCBPLJD,NAO,2.3
07-27-23,KO01,NAOHAFEYUH,AM,2.35
12-06-23,NAO15,EGVWPVS7H,EG,6.25
12-21-23,OO16,KOJDP0LVS,GE,1.3
09-04-23,KO16,OOQ0OXFQ8,NAO,3.15
08-28-23,EG10,NAO09SKDGI,NAO,3.2
10-17-23,EG45,AMLJH75LX,OO,0.2
09-05-23,NAO35,NAOURTP0LZ,AM,6.25
11-04-23,NO11,NAOLY8OZCY,NO,3.35
12-08-23,NAO14,AMLJH75LX,GE,1.25
12-19-23,EG35,EG9CHJ755,NO,2.5
07-24-23,NO29,NAOBMYOFQE,EG,0.5
11-16-23,NAO29,GEJA1WJ0T,OO,1.25
11-13-23,EG16,NAO5UQPGB7,MO,4.2
10-17-23,EG49,OO7PZE9VI,AM,3.2
12-01-23,EG65,GEX7EEDTJ,AM,0.5
09-16-23,EG67,GEJA1WJ0T,OO,1.1
09-21-23,EG67,EGVWPVS7H,NO,0.2
09-02-23,NO17,EGYTJXEPQ,KO,4.8
10-04-23,OO08,KOWM31YIH,OO,6.9
10-10-23,EG18,MOJCKJLTE,MO,2.1
12-14-23,AM02,GE5A0L725,NO,2.0
08-09-23,EG70,MOJCKJLTE,EG,1.3
10-06-23,OO08,NAOVZ41NAM,NAO,4.9
10-22-23,NAO32,EGRHOCN9J,GE,2.5
12-23-23,MO09,NOX6GVWRD,EG,9.6
12-01-23,NAO41,AMNT3W5UZ,NAO,1.25
11-01-23,AM04,NAO09SKDGI,NAO,9.6
08-21-23,NO31,NAOBMYOFQE,AM,2.75
08-07-23,EG05,AMLJH75LX,MO,1.2
12-28-23,NO30,KOIXA11DP,OO,2.55
12-17-23,EG60,GEX7EEDTJ,GE,3.3
08-03-23,EG62,MOJCKJLTE,KO,1.4
12-26-23,EG17,NAO09SKDGI,EG,2.1
12-30-23,NO26,EGSEIMVIH,NO,3.85
08-20-23,NO11,NORCBPLJD,AM,8.45
07-16-23,AM10,MOJCKJLTE,AM,3.1
11-01-23,NAO18,KONCXLL4Z,NAO,1.25
11-04-23,KO03,KOWKTAKPU,OO,2.95
09-09-23,MO06,AMHJ7XVG0,GE,9.1
09-10-23,AM07,KOWM31YIH,NAO,2.8
12-07-23,EG67,NOQLL8OS9,OO,0.2
10-25-23,NAO41,EGF1T2TAL,OO,6.25
12-08-23,OO01,NAOURTP0LZ,NO,2.3
08-08-23,NAO28,KOIXA11DP,KO,2.5
07-10-23,OO26,EGRHOCN9J,MO,0.8
11-18-23,EG69,NOQLL8OS9,GE,0.2
11-20-23,NO21,EG7UR23GD,EG,2.1
08-21-23,OO03,NAOHL1N13J,MO,6.2
09-18-23,NAO23,NOE1V2ISQ,NAO,6.25
12-12-23,NAO19,NAOP0J43D5,AM,2.5
09-23-23,EG51,AMNT3W5UZ,EG,0.3
12-29-23,OO22,GE5A0L725,MO,2.1
08-14-23,NAO05,GEJA1WJ0T,GE,6.25
10-22-23,NO14,MOV86WZS3,AM,14.6
10-09-23,OO01,NOQLL8OS9,GE,5.8
11-01-23,EG41,NAOHAFEYUH,AM,2.1
07-14-23,NAO08,NOX6GVWRD,AM,6.25
12-17-23,AM14,GEL6246HI,OO,1.1
12-26-23,KO14,OO3KKV9RF,OO,1.15
07-15-23,KO16,EG7UR23GD,AM,3.15
11-07-23,EG12,AMHJ7XVG0,MO,1.0
11-09-23,NAO17,EGIGQPKI7,OO,10.0
07-04-23,NO22,NAOVZ41NAM,NAO,2.9
12-14-23,OO08,KOWKTAKPU,MO,6.9
09-03-23,NO06,OO1B0Z3NX,NO,2.3
07-28-23,OO28,GE2IAGL58,EG,0.9
08-12-23,AM04,AMXAJI0Y6,OO,9.6
11-13-23,NO03,GEJA1WJ0T,NO,3.25
12-18-23,AM03,AMNT3W5UZ,GE,2.2
08-12-23,NAO31,EGUT0CVS4,GE,1.25
12-23-23,OO19,EGVWPVS7H,GE,2.6
11-01-23,NAO21,GE2IAGL58,NAO,1.25
11-30-23,MO03,MOV86WZS3,OO,5.25
11-13-23,NAO08,KOJDP0LVS,GE,2.5
10-19-23,NAO11,AMLJH75LX,OO,1.25
11-25-23,KO23,NOX6GVWRD,AM,0.25
09-24-23,EG08,OO1B0Z3NX,OO,6.3
07-09-23,OO09,KOWM31YIH,AM,2.5
07-17-23,MO11,NO7PTX63C,OO,1.4
08-19-23,OO05,EG7UR23GD,GE,8.9
07-24-23,AM28,NOQLL8OS9,NAO,1.8
08-02-23,EG06,GEJA1WJ0T,GE,4.3
10-08-23,EG65,NAONSM43D8,KO,2.5
07-31-23,MO12,OOZSJ49IT,GE,1.4
12-18-23,EG15,GEX7EEDTJ,OO,3.0
10-15-23,KO19,EGYTJXEPQ,NAO,3.3
07-03-23,NO29,MOV86WZS3,EG,0.7
09-04-23,EG30,NAOBMYOFQE,MO,3.8
09-16-23,AM04,AMV3A3ZMF,GE,1.6
08-29-23,OO11,OO3KKV9RF,NO,1.1
09-07-23,KO26,GEJA1WJ0T,GE,1.75
08-10-23,EG54,EGUT0CVS4,OO,0.5
12-12-23,NAO34,NOX6GVWRD,GE,2.5
09-10-23,EG06,NOX6GVWRD,MO,1.2
11-06-23,MO08,EGIGQPKI7,AM,3.15
08-10-23,NO15,OO7PZE9VI,AM,5.8
10-08-23,EG06,NO7PTX63C,MO,1.7
10-16-23,EG61,NAOURTP0LZ,EG,4.6
09-23-23,OO03,EGYTJXEPQ,EG,6.2
11-27-23,KO04,OOQ0OXFQ8,OO,2.05
10-22-23,KO24,NOX6GVWRD,EG,1.3
07-27-23,NAO14,AMHJ7XVG0,MO,2.5
10-31-23,EG26,NAONSM43D8,GE,6.3
10-18-23,EG74,EGYTJXEPQ,NO,2.5
08-08-23,OO10,NAOVZ41NAM,EG,6.2
11-09-23,NO27,AMH9SDBDW,NAO,5.8
09-03-23,EG05,OO7PZE9VI,GE,1.7
11-10-23,OO21,NAO09SKDGI,EG,1.5
08-20-23,EG15,EG9CHJ755,KO,1.2
07-15-23,EG15,MOV86WZS3,EG,3.0
11-01-23,NO06,OOZSJ49IT,MO,11.5
07-20-23,EG38,NO7PTX63C,NO,3.5
11-23-23,NO17,NOE1V2ISQ,GE,3.45
08-23-23,EG10,AMLJH75LX,AM,0.6
12-16-23,NO15,KOWKTAKPU,KO,8.1
10-30-23,NAO36,NAOVZ41NAM,EG,10.0
07-18-23,OO06,KOWM31YIH,MO,3.5
09-27-23,EG11,MOJCKJLTE,EG,1.0
10-03-23,EG38,KOJDP0LVS,MO,4.9
08-13-23,EG22,EGIGQPKI7,MO,1.6
11-06-23,EG31,NOX6GVWRD,KO,4.9
08-31-23,MO09,EGF1T2TAL,KO,2.7
11-22-23,OO04,AMLJH75LX,NO,8.7
07-24-23,NAO27,GE5A0L725,OO,6.25
11-10-23,NO14,EGC11ERTJ,MO,4.15
07-25-23,NAO03,AMNT3W5UZ,NO,1.25
07-26-23,EG13,NOQLL8OS9,EG,3.0
08-26-23,NO21,MOV86WZS3,KO,0.8
10-02-23,NAO24,NAOURTP0LZ,OO,1.25
10-15-23,NAO20,EGYTJXEPQ,AM,1.25
11-24-23,NO18,GEL6246HI,NO,0.95
07-22-23,AM21,OO3KKV9RF,NAO,4.5
07-06-23,EG67,NAOP0J43D5,KO,0.3
10-07-23,NAO23,NAONSM43D8,KO,6.25
11-08-23,EG19,AMHJ7XVG0,KO,1.4
10-16-23,NAO20,OO3KKV9RF,OO,6.25
12-30-23,NO24,NAO5UQPGB7,KO,1.5
09-12-23,NO24,NAOBMYOFQE,KO,2.15
11-13-23,KO12,NAOVZ41NAM,GE,5.0
10-19-23,NO06,KOJDP0LVS,NO,3.25
08-10-23,OO10,NOQLL8OS9,NO,8.8
11-01-23,NO07,NAOBMYOFQE,NO,3.55
07-16-23,NO22,EGYTJXEPQ,MO,2.9
08-24-23,EG28,EGYTJXEPQ,KO,3.5
12-23-23,NAO02,NOQLL8OS9,NAO,1.25
08-31-23,NAO22,AMXAJI0Y6,GE,2.5
08-13-23,KO08,NOQLL8OS9,OO,4.7
10-20-23,KO09,NAOLY8OZCY,OO,5.15
08-24-23,OO20,EGUT0CVS4,MO,9.1
09-18-23,NO33,EGYTJXEPQ,KO,2.35
08-14-23,NAO04,NAOHL1N13J,EG,2.5
09-17-23,KO01,EGC11ERTJ,EG,2.35
08-14-23,EG62,GEX7EEDTJ,GE,0.4
11-08-23,EG51,GE2IAGL58,AM,1.0
12-04-23,NAO17,NOX6GVWRD,KO,1.25
11-28-23,OO03,MOV86WZS3,OO,8.7
11-28-23,NAO26,AMLJH75LX,NO,10.0
12-08-23,OO28,GEJA1WJ0T,MO,2.4
09-25-23,NO11,NAONSM43D8,MO,2.35
07-09-23,NO09,OOZSJ49IT,OO,14.7
07-30-23,MO07,EGUT0CVS4,AM,11.1
07-03-23,NO18,GEX7EEDTJ,KO,4.8
10-30-23,AM27,AMNT3W5UZ,GE,2.5
08-15-23,EG60,EGRHOCN9J,AM,3.3
07-21-23,AM03,NAOLY8OZCY,MO,2.2
09-05-23,NAO29,NO7PTX63C,KO,2.5
07-12-23,NO18,AMV3A3ZMF,NAO,1.35
12-20-23,MO15,NORCBPLJD,EG,0.3
10-07-23,EG73,AMLJH75LX,KO,0.3
11-14-23,EG18,EG7UR23GD,AM,5.3
12-14-23,NO26,OOQ0OXFQ8,MO,3.85
10-26-23,AM25,NAOHAFEYUH,EG,1.1
12-02-23,NAO32,EGVWPVS7H,MO,6.25
09-17-23,KO14,NAOHAFEYUH,KO,4.05
10-10-23,EG28,NAONSM43D8,OO,1.0
12-23-23,NO02,EGYTJXEPQ,MO,3.85
10-08-23,EG23,GEJA1WJ0T,KO,1.4
11-18-23,KO14,GEJA1WJ0T,OO,4.05
08-07-23,OO15,MOJCKJLTE,AM,4.7
12-12-23,OO19,AMLJH75LX,MO,2.6
12-02-23,EG03,GEL6246HI,NAO,4.2
07-21-23,AM16,EGSEIMVIH,NO,1.5
09-28-23,OO08,OOQ0OXFQ8,NO,4.9
12-19-23,MO17,KOWKTAKPU,AM,0.5
07-23-23,NO20,EGYTJXEPQ,EG,1.25
09-13-23,NAO17,NOX6GVWRD,MO,2.5
10-08-23,NAO23,NAOVZ41NAM,KO,6.25
09-19-23,EG36,EGUT0CVS4,AM,0.7
11-23-23,EG67,KOWM31YIH,NAO,0.8
12-07-23,EG59,KOWKTAKPU,NAO,0.3
10-16-23,KO14,NORCBPLJD,MO,2.85
10-07-23,EG21,NAOURTP0LZ,OO,1.1
08-26-23,OO17,AMH9SDBDW,MO,1.3
09-02-23,EG12,OO7PZE9VI,EG,1.5
11-24-23,OO17,OO1B0Z3NX,MO,1.9
10-21-23,EG39,AMH9SDBDW,OO,2.0
11-22-23,KO26,KOIXA11DP,AM,2.5
08-07-23,OO16,EGC11ERTJ,AM,4.7
08-09-23,EG02,NAOVZ41NAM,MO,7.5
09-01-23,AM15,AMXAJI0Y6,AM,2.1
07-08-23,EG48,AMV3A3ZMF,NO,0.6
09-02-23,KO03,EG7UR23GD,GE,2.05
09-06-23,EG65,NOE1V2ISQ,GE,1.8
11-18-23,NO09,GEJA1WJ0T,MO,4.2
08-31-23,EG40,GE2IAGL58,GE,2.8
08-30-23,EG45,NO7PTX63C,GE,0.8
09-07-23,AM04,EG7UR23GD,NO,1.6
10-21-23,EG20,GEX7EEDTJ,KO,3.5
09-13-23,EG49,AMLJH75LX,OO,0.9
08-23-23,EG73,EGRHOCN9J,GE,0.8
10-16-23,NAO10,NOXFGCAQV,KO,6.25
10-26-23,EG43,GEL6246HI,GE,1.1
07-28-23,AM19,OO3KKV9RF,GE,1.7
12-26-23,OO16,OO7PZE9VI,OO,1.3
12-05-23,OO25,AMHJ7XVG0,KO,0.5
09-18-23,OO06,NOE1V2ISQ,OO,2.4
09-29-23,OO26,AMXAJI0Y6,EG,2.0
09-21-23,GE02,AMNT3W5UZ,GE,46.5
08-27-23,AM12,KOWKTAKPU,AM,0.4
12-23-23,KO10,EG9CHJ755,AM,1.45
10-10-23,NO16,NAOURTP0LZ,NAO,5.8
11-10-23,AM21,NAO09SKDGI,OO,4.5
12-10-23,EG30,OOQ0OXFQ8,AM,1.5
10-21-23,EG57,EGUT0CVS4,KO,0.8
09-20-23,NAO17,NAO09SKDGI,NO,1.25
08-14-23,OO24,EGUT0CVS4,EG,5.1
09-27-23,AM12,NAOP0J43D5,MO,0.6
11-28-23,AM20,NOE1V2ISQ,MO,1.5
07-03-23,OO26,KOIXA11DP,NO,0.8
12-18-23,NAO11,NOX6GVWRD,OO,2.5
08-14-23,NAO05,MOJCKJLTE,NAO,1.25
12-09-23,OO08,NAOHL1N13J,GE,4.9
07-29-23,NAO33,OO3KKV9RF,KO,2.5
12-27-23,AM20,NOX6GVWRD,GE,4.5
08-12-23,NAO41,NAONSM43D8,EG,6.25
08-22-23,KO16,EGRHOCN9J,NAO,2.25
07-05-23,EG32,NAO5ZJA8DZ,GE,3.5
07-08-23,OO11,EGYTJXEPQ,NO,5.5
11-26-23,NAO39,NAOHAFEYUH,GE,1.25
11-29-23,EG01,NAOHAFEYUH,MO,3.0
07-17-23,NAO19,NOX6GVWRD,OO,2.5
09-25-23,EG12,NOQLL8OS9,EG,0.5
10-04-23,EG53,GE2IAGL58,KO,0.2
11-13-23,NAO38,NAOURTP0LZ,EG,2.5
12-04-23,EG64,OO7PZE9VI,MO,2.5
07-30-23,NAO23,NOE1V2ISQ,NO,10.0
10-30-23,OO12,AMV3A3ZMF,AM,1.5
12-16-23,NAO19,NAOHL1N13J,AM,6.25
10-07-23,NAO20,OO7PZE9VI,MO,1.25
08-04-23,AM14,OO1B0Z3NX,GE,4.5
09-07-23,EG13,AMHJ7XVG0,GE,3.0
08-22-23,OO27,OOQ0OXFQ8,EG,0.6
09-07-23,AM25,EG7UR23GD,EG,1.1
07-03-23,KO05,AMH9SDBDW,NAO,1.35
08-26-23,OO12,EGYTJXEPQ,KO,3.9
09-04-23,OO24,OOQ0OXFQ8,KO,1.0
09-20-23,NO20,EGF1T2TAL,MO,1.75
08-03-23,EG23,EG9CHJ755,MO,1.0
10-20-23,NO02,NAOHAFEYUH,AM,2.7
07-03-23,AM14,OO3KKV9RF,EG,1.1
07-23-23,OO23,AMNT3W5UZ,AM,5.1
08-25-23,EG64,EGIGQPKI7,EG,2.5
12-23-23,EG35,MOV86WZS3,NO,2.5
08-20-23,NO24,NAONSM43D8,NO,2.15
10-14-23,KO02,OOZSJ49IT,KO,3.4
09-21-23,MO01,NAOHL1N13J,KO,3.4
09-22-23,NO18,EGYTJXEPQ,NO,4.8
08-20-23,NO06,OO7PZE9VI,EG,3.25
09-14-23,KO19,AMV3A3ZMF,MO,1.3
07-06-23,NO22,EGRHOCN9J,KO,0.8
08-26-23,EG59,NORCBPLJD,EG,1.1
09-27-23,OO20,NAONSM43D8,EG,2.6
11-05-23,EG50,AMLJH75LX,NO,0.4
11-24-23,KO11,NO7PTX63C,NAO,7.0
08-20-23,EG36,KOWKTAKPU,NAO,0.7
09-15-23,EG34,AMNT3W5UZ,MO,7.0
12-25-23,KO05,OOZSJ49IT,OO,4.8
11-06-23,NO20,AMLJH75LX,AM,6.25
12-11-23,NAO16,EGVWPVS7H,MO,10.0
12-09-23,OO13,OO1B0Z3NX,EG,3.5
08-27-23,OO01,NAOHAFEYUH,AM,1.6
11-05-23,MO04,MOV86WZS3,KO,7.4
10-13-23,AM25,NAO5ZJA8DZ,AM,6.8
07-21-23,MO12,MOJCKJLTE,AM,1.4
12-08-23,EG20,EGVWPVS7H,OO,1.4
11-04-23,NAO32,KOWM31YIH,GE,10.0
11-09-23,NO11,NOXFGCAQV,EG,11.85
07-27-23,EG18,GE5A0L725,OO,5.3
09-21-23,NO25,NAO5UQPGB7,GE,5.4
09-20-23,NAO39,NAO09SKDGI,NAO,2.5
12-20-23,EG60,GEJA1WJ0T,MO,4.6
10-14-23,EG13,EGIGQPKI7,OO,3.0
11-19-23,AM21,KOJDP0LVS,KO,6.3
09-06-23,EG02,AMV3A3ZMF,NO,3.0
07-25-23,AM27,AMLJH75LX,MO,1.8
10-19-23,NO20,MOJCKJLTE,MO,6.25
08-10-23,NAO06,GEX7EEDTJ,EG,10.0
09-05-23,EG06,OO7PZE9VI,MO,1.2
09-25-23,EG18,OO3KKV9RF,AM,5.3
09-26-23,KO11,AMV3A3ZMF,EG,1.4
07-12-23,NO32,EGUT0CVS4,OO,3.9
12-26-23,KO13,NAOHAFEYUH,EG,4.05
08-29-23,KO03,AMLJH75LX,AM,2.05
11-19-23,EG40,GE2IAGL58,AM,0.6
12-26-23,NO22,EGVWPVS7H,GE,2.9
08-06-23,NO03,EGRHOCN9J,AM,3.25
07-22-23,OO27,OO1B0Z3NX,EG,0.6
09-02-23,EG42,EGSEIMVIH,NO,0.4
08-19-23,MO14,OOZSJ49IT,AM,2.85
09-27-23,EG53,NAOURTP0LZ,KO,0.8
10-13-23,NO07,NOQLL8OS9,NO,2.5
12-08-23,EG66,OO3KKV9RF,KO,0.3
09-15-23,AM23,NOQLL8OS9,KO,1.1
08-18-23,NO30,EGYTJXEPQ,NO,1.8
09-01-23,OO02,NOQLL8OS9,AM,8.1
11-30-23,EG48,MOJCKJLTE,NO,0.6
07-11-23,EG74,NAO5UQPGB7,EG,2.5
12-07-23,KO21,EGIGQPKI7,NO,1.65
08-21-23,EG27,NAOP0J43D5,GE,1.0
07-31-23,MO01,AMNT3W5UZ,MO,4.8
07-03-23,NO22,AMH9SDBDW,GE,0.55
07-03-23,NAO18,EGSEIMVIH,NAO,1.25
09-24-23,AM11,EGSEIMVIH,NO,2.7
08-28-23,EG51,GEL6246HI,AM,0.4
10-11-23,EG73,GE2IAGL58,OO,0.3
10-19-23,EG50,OOZSJ49IT,GE,1.4
10-30-23,EG28,AMLJH75LX,OO,1.0
12-08-23,NO26,GEL6246HI,EG,1.55
07-22-23,NO23,KOWKTAKPU,MO,5.4
10-29-23,EG41,KOJDP0LVS,EG,0.6
11-23-23,AM23,KOWM31YIH,NO,3.3
08-15-23,OO19,NOQLL8OS9,MO,2.6
07-02-23,OO05,GE2IAGL58,OO,12.4
08-26-23,MO10,GEL6246HI,AM,2.7
11-25-23,EG35,NAOBMYOFQE,GE,3.5
09-24-23,EG41,KONCXLL4Z,OO,2.1
10-14-23,OO13,EGIGQPKI7,NO,3.5
09-10-23,MO15,KOWM31YIH,NAO,0.5
10-26-23,AM23,AMH9SDBDW,KO,1.1
08-09-23,NAO40,NOX6GVWRD,EG,6.25
08-26-23,NAO34,NAONSM43D8,GE,10.0
11-29-23,NAO40,EGRHOCN9J,AM,1.25
12-27-23,NAO25,EGSEIMVIH,OO,6.25
12-19-23,AM26,AMNT3W5UZ,MO,1.1
08-25-23,NO22,EGUT0CVS4,NAO,2.9
09-07-23,EG50,NORCBPLJD,NO,1.0
12-30-23,NAO39,NOX6GVWRD,EG,10.0
08-11-23,KO21,OOQ0OXFQ8,KO,0.65
11-20-23,OO08,NAOURTP0LZ,GE,1.9
07-28-23,EG27,KOJDP0LVS,GE,4.9
07-30-23,KO15,NOX6GVWRD,MO,0.9
12-17-23,NO09,AMHJ7XVG0,KO,2.9
07-06-23,AM26,OOZSJ49IT,NO,4.9
09-18-23,EG46,OOZSJ49IT,OO,0.3
09-30-23,AM06,EGRHOCN9J,EG,15.1
11-06-23,MO10,AMNT3W5UZ,MO,6.85
08-24-23,EG61,KOWM31YIH,GE,4.6
09-25-23,EG42,AMNT3W5UZ,GE,0.6
11-19-23,KO22,AMV3A3ZMF,NO,2.35
11-17-23,EG44,NAOBMYOFQE,EG,0.2
08-19-23,EG52,AMH9SDBDW,KO,1.1
08-10-23,NO13,NOXFGCAQV,OO,2.9
09-08-23,EG46,AMLJH75LX,MO,0.3
09-01-23,EG05,EGSEIMVIH,NO,1.2
12-10-23,NO07,AMH9SDBDW,AM,3.55
10-02-23,OO11,KOWM31YIH,EG,3.9
11-05-23,EG17,EGVWPVS7H,NAO,2.1
08-24-23,EG18,NOXFGCAQV,AM,2.1
08-07-23,NO23,OOZSJ49IT,MO,7.6
10-21-23,MO15,NAONSM43D8,EG,1.3
09-03-23,EG37,NAOHAFEYUH,EG,1.4
09-11-23,EG48,OO3KKV9RF,AM,0.9
09-12-23,NO10,NAO5ZJA8DZ,NAO,4.2
10-17-23,NO04,NAO5UQPGB7,GE,3.25
10-19-23,NAO04,EGC11ERTJ,GE,6.25
12-26-23,EG31,MOJCKJLTE,NO,1.4
10-14-23,EG25,OO3KKV9RF,NO,4.5
07-14-23,KO05,NAO09SKDGI,GE,1.35
08-12-23,NAO19,KOIXA11DP,KO,2.5
11-24-23,NAO23,NOXFGCAQV,NO,2.5
11-29-23,NO24,NOXFGCAQV,KO,2.15
07-08-23,AM15,KOWM31YIH,GE,1.5
12-03-23,EG46,NAOURTP0LZ,KO,1.1
09-18-23,EG19,NAO5UQPGB7,OO,1.0
09-27-23,EG37,NORCBPLJD,GE,3.5
11-21-23,NAO30,OOZSJ49IT,OO,2.5
11-06-23,EG34,OO1B0Z3NX,AM,1.4
11-29-23,EG71,NORCBPLJD,OO,1.8
09-18-23,NO08,MOJCKJLTE,MO,8.95
11-13-23,NAO33,NOX6GVWRD,MO,1.25
10-06-23,NAO14,MOJCKJLTE,KO,10.0
08-19-23,KO21,GE5A0L725,OO,2.35
09-08-23,NAO20,AMXAJI0Y6,KO,2.5
10-17-23,EG70,AMXAJI0Y6,EG,0.5
08-26-23,AM14,EGF1T2TAL,GE,4.5
09-27-23,EG64,AMV3A3ZMF,EG,0.7
09-02-23,MO10,AMNT3W5UZ,OO,2.7
11-13-23,EG03,NAOURTP0LZ,NO,3.0
07-05-23,OO22,MOJCKJLTE,MO,0.6
08-07-23,NAO25,OO1B0Z3NX,KO,6.25
10-24-23,AM03,AMH9SDBDW,NAO,9.6
09-16-23,MO17,NOXFGCAQV,NAO,2.05
11-17-23,EG27,EGSEIMVIH,NO,3.5
08-26-23,KO14,EGF1T2TAL,EG,4.05
09-05-23,EG73,AMNT3W5UZ,KO,0.8
11-13-23,NAO30,NAO09SKDGI,MO,6.25
09-22-23,NO06,AMHJ7XVG0,AM,8.2
12-20-23,NAO16,OOQ0OXFQ8,GE,2.5
11-04-23,AM22,OOZSJ49IT,NO,4.6
09-04-23,EG56,EGF1T2TAL,NO,0.8
11-07-23,NO16,EGUT0CVS4,NAO,8.1
07-03-23,NAO40,OO7PZE9VI,KO,1.25
11-01-23,NO32,AMLJH75LX,AM,0.75
11-06-23,EG61,NAOBMYOFQE,MO,1.3
08-07-23,EG50,GE5A0L725,MO,1.4
09-01-23,OO03,NAOVZ41NAM,OO,2.4
12-25-23,EG27,NOX6GVWRD,NO,3.5
08-20-23,NAO20,GEX7EEDTJ,AM,6.25
12-13-23,EG19,MOJCKJLTE,NO,3.5
12-20-23,EG26,NAOP0J43D5,KO,4.5
11-12-23,OO22,AMHJ7XVG0,OO,2.1
12-06-23,EG30,EG7UR23GD,NO,1.5
12-12-23,MO10,OO7PZE9VI,EG,1.9
07-01-23,MO06,KONCXLL4Z,NAO,2.6
11-09-23,EG73,EGSEIMVIH,NAO,0.8
11-04-23,NAO15,MOV86WZS3,OO,1.25
09-20-23,EG54,KOJDP0LVS,AM,0.6
08-09-23,EG26,EGIGQPKI7,NO,4.5
10-31-23,OO07,NAOURTP0LZ,NO,6.9
10-18-23,NAO26,NAONSM43D8,KO,6.25
08-06-23,EG23,NAO5ZJA8DZ,NO,4.9
08-21-23,AM18,NAOBMYOFQE,NAO,7.0
08-19-23,AM07,GE2IAGL58,NAO,8.6
11-21-23,EG60,GE5A0L725,AM,1.3
12-23-23,NO19,GEJA1WJ0T,KO,1.75
11-15-23,AM26,EGF1T2TAL,MO,6.8
07-14-23,EG54,NOQLL8OS9,AM,0.6
07-09-23,NO19,AMXAJI0Y6,NAO,1.75
07-27-23,NAO04,KOIXA11DP,MO,10.0
10-28-23,NAO03,AMHJ7XVG0,MO,2.5
08-21-23,OO05,OO7PZE9VI,AM,2.4
07-14-23,EG33,EGSEIMVIH,GE,7.0
08-19-23,KO04,AMLJH75LX,EG,2.95
08-28-23,EG48,NAO5UQPGB7,OO,0.9
09-18-23,KO18,NAONSM43D8,EG,0.8
07-04-23,EG69,KOWKTAKPU,NAO,0.2
12-02-23,KO13,EGF1T2TAL,GE,1.15
09-09-23,MO06,NAO09SKDGI,NAO,9.1
11-11-23,KO02,KOJDP0LVS,GE,8.5
07-29-23,NO28,NOE1V2ISQ,AM,1.15
10-01-23,MO07,EGF1T2TAL,AM,3.15
08-10-23,AM23,NAOVZ41NAM,OO,4.6
11-30-23,EG59,EGC11ERTJ,EG,0.3
11-27-23,EG34,KOIXA11DP,AM,2.0
10-09-23,NO03,EGUT0CVS4,GE,3.25
08-13-23,AM16,AMV3A3ZMF,EG,1.5
08-27-23,AM24,NORCBPLJD,EG,1.1
08-17-23,EG19,AMXAJI0Y6,AM,1.4
07-06-23,NAO37,OO1B0Z3NX,GE,1.25
11-15-23,NAO36,KOIXA11DP,EG,10.0
10-25-23,OO10,KOJDP0LVS,MO,2.5
08-06-23,EG51,NAOP0J43D5,KO,0.4
12-16-23,OO09,KOJDP0LVS,AM,8.8
08-31-23,NAO30,GEL6246HI,GE,2.5
11-29-23,NO22,EGUT0CVS4,MO,0.8
